case_id,title_clean,program_family,precedent_rank,precedent_type,precedent_name,precedent_stage,precedent_notes,precedent_url,inferred_development,inferred_financing,inferred_team,total_raised_usd_est,last_round_usd_est,value_anchor_usd,value_anchor_type,value_source_url,financing_strategy,validation_status,confidence,source
auto_brown_university_assay_diagnostic_virus,RNA VIRUS DIAGNOSTIC ASSAY Diagnostic Opportunity,rna_virus_dx,1,startup,Cue Health,public_troubled,Molecular POC diagnostics,https://www.cuehealth.com/,FDA EUA/510(k) path,Public; post-COVID restructuring,ID + lab medicine,,,,,,Dx venture,suggested,medium,web_search_2026_03
auto_brown_university_assay_diagnostic_virus,RNA VIRUS DIAGNOSTIC ASSAY Diagnostic Opportunity,rna_virus_dx,2,incumbent,Abbott ID NOW,commercial,POC molecular channel benchmark,https://www.abbott.com/,Commercial scale,Strategic,Lab + ID,,,,,,Partner vs compete,suggested,medium,web_search_2026_03
auto_brown_university_biomarkers_disease_neural_parkinson,Neural biomarkers Parkinson disease Diagnostic Opportunity,parkinson_biomarkers,1,incumbent,Medtronic Percept sensing,commercial,Neural biomarkers for programming,https://www.medtronic.com/en-us/healthcare-professionals/specialties/neurology/therapies-procedures/deep-brain-stimulation/product-portfolio/percept-family.html,Regulatory clearance for biomarker-guided therapy,Strategic,Movement disorders,,,,,,Partner with incumbent,suggested,medium,web_search_2026_03
auto_brown_university_biomarkers_disease_neural_parkinson,Neural biomarkers Parkinson disease Diagnostic Opportunity,parkinson_biomarkers,2,startup,Rune Labs (StriveStudy),commercial,PD digital biomarkers + Apple Watch,https://www.runelabs.io/,FDA digital biomarker path,Venture,Neurology + digital health,,,,,,Pharma/device partnerships,suggested,medium,web_search_2026_03
auto_brown_university_biomarkers_disease_neural_parkinson,Neural biomarkers Parkinson disease Diagnostic Opportunity,parkinson_biomarkers,3,startup,NeuroPace,public,Chronic neural recording biomarkers,https://www.neuropace.com/,Long-term IDE/PMA evidence,Public,Epilepsy/neurology,540000000,,540000000,market_cap,https://investors.neuropace.com/,Public medtech,verified,high,web_verify_2026_05
auto_brown_university_biopsy_burr_hole_mounted_stereotactic,Burr hole mounted stereotactic biopsy device Medical Device Opportunity,neuro_dbs_hardware,1,incumbent,Boston Scientific Vercise,commercial,DBS leads and IPGs,https://www.bostonscientific.com/,Commercial neurostimulation,Strategic,Neurosurgery,,,,,,OEM partnership,suggested,medium,web_search_2026_03
auto_brown_university_biopsy_burr_hole_mounted_stereotactic,Burr hole mounted stereotactic biopsy device Medical Device Opportunity,neuro_dbs_hardware,2,incumbent,Medtronic SenSight leads,commercial,Directional DBS leads,https://www.medtronic.com/,510(k) device line extensions,Strategic,Neurosurgery + neurology,,,,,,License to big medtech,suggested,medium,web_search_2026_03
auto_brown_university_biopsy_burr_hole_mounted_stereotactic,Burr hole mounted stereotactic biopsy device Medical Device Opportunity,neuro_dbs_hardware,3,startup,ClearPoint Neuro,public,MRI-guided intervention platform,https://www.clearpointneuro.com/,Commercial neuro navigation,Public (NASDAQ CLPT); ~$335M market cap (May 2026),Neurosurgery,335000000,,335000000,market_cap,https://finance.yahoo.com/quote/CLPT/,Public medtech,verified,high,web_verify_2026_05
auto_brown_university_brain_high_imaging_resolution_spatiotemporal,Brown — high-resolution brain imaging,brain_imaging,1,startup,Hyperfine (Swoop MRI),commercial,Portable MRI; high-resolution brain imaging angle,https://hyperfine.io/,510(k) → hospital adoption,SPAC/public,Radiology + neurology,,,,,,Device + SaaS,suggested,medium,web_search_2026_03
auto_brown_university_brain_high_imaging_resolution_spatiotemporal,Brown — high-resolution brain imaging,brain_imaging,2,research,Academic high-resolution neuroimaging (Brown),academic,University lab → spinout or license,,NIH grants → seed,SBIR + university translational funds,Neuroscience + radiology,,,,,,Grant → spinout,suggested,medium,web_search_2026_03
auto_brown_university_interrogation_neural_platform,Brown — neural interrogation platform,neuro_implant_generic,1,startup,NeuroPace,public,Brain implantable sensing/stimulation,https://www.neuropace.com/,PMA + post-market,Public,Neurosurgery + neurology,540000000,,540000000,market_cap,https://investors.neuropace.com/,Venture → IPO,verified,high,web_verify_2026_05
auto_brown_university_interrogation_neural_platform,Brown — neural interrogation platform,neuro_implant_generic,2,startup,Synchron,pivotal,Implantable neural interface,https://synchron.com/,Pivotal trial,$345M total funding,Interventional neurology,345000000,,345000000,total_raised,https://www.businesswire.com/news/home/20251106150841/en/Synchron-Raises-200-Million-Series-D-to-Advance-Brain-Computer-Interface-Technology,Late-stage VC,verified,high,web_verify_2026_05
auto_brown_university_interrogation_neural_platform,Brown — neural interrogation platform,neuro_implant_generic,3,startup,Blackrock Neurotech,private,Research-grade implants,https://www.blackrockneuro.com/,Clinical translation,Strategic,Neurosurgery research,,,,,,Grants + strategic,suggested,medium,web_search_2026_03
auto_noramco_2020_acetate_buprenorphine_preparing_salt,Acetate salt buprenorphine and methods for Technology Platform Opportunity,ri_pharma_chemistry,1,ri_operating,Rhodes Technologies,operating,RI-based API/opioid manufacturing,https://www.rhodestech.com/,Process validation → commercial supply,Operating cash flow + SSBCI/capex,CMC + regulatory affairs,,,,,,Slater SSBCI + bank; not classic VC,suggested,medium,web_search_2026_03
auto_noramco_2020_acetate_buprenorphine_preparing_salt,Acetate salt buprenorphine and methods for Technology Platform Opportunity,ri_pharma_chemistry,2,ri_operating,Noramco,operating,Controlled-substance synthesis RI,https://www.noramco.com/,CMC scale-up,Private operating company,Process chemistry + QA,,,,,,Capex expansion financing,suggested,medium,web_search_2026_03
auto_noramco_2020_acetate_buprenorphine_preparing_salt,Acetate salt buprenorphine and methods for Technology Platform Opportunity,ri_pharma_chemistry,3,public,Collegium Pharmaceutical,public,Opioid reformulation commercial model,https://www.collegiumpharma.com/,FDA approvals → commercialization,Public (NASDAQ COLL); ~$1.2B market cap; pain/opioid reformulation model,Pain medicine commercial,1180000000,,1180000000,market_cap,https://finance.yahoo.com/quote/COLL/,Public markets,verified,high,web_verify_2026_05
auto_noramco_2020_dioxanocodides_dioxanomorphides,dioxanomorphides and dioxanocodides Technology Platform Opportunity,ri_pharma_chemistry,1,ri_operating,Rhodes Technologies,operating,RI-based API/opioid manufacturing,https://www.rhodestech.com/,Process validation → commercial supply,Operating cash flow + SSBCI/capex,CMC + regulatory affairs,,,,,,Slater SSBCI + bank; not classic VC,suggested,medium,web_search_2026_03
auto_noramco_2020_dioxanocodides_dioxanomorphides,dioxanomorphides and dioxanocodides Technology Platform Opportunity,ri_pharma_chemistry,2,ri_operating,Noramco,operating,Controlled-substance synthesis RI,https://www.noramco.com/,CMC scale-up,Private operating company,Process chemistry + QA,,,,,,Capex expansion financing,suggested,medium,web_search_2026_03
auto_noramco_2020_dioxanocodides_dioxanomorphides,dioxanomorphides and dioxanocodides Technology Platform Opportunity,ri_pharma_chemistry,3,public,Collegium Pharmaceutical,public,Opioid reformulation commercial model,https://www.collegiumpharma.com/,FDA approvals → commercialization,Public (NASDAQ COLL); ~$1.2B market cap; pain/opioid reformulation model,Pain medicine commercial,1180000000,,1180000000,market_cap,https://finance.yahoo.com/quote/COLL/,Public markets,verified,high,web_verify_2026_05
auto_purdue_pharma_allyl_catalyzed_compounds_metal_preparation_ther,Transition metal catalyzed processes for the Therapeutic Opportunity,ri_pharma_chemistry,1,ri_operating,Rhodes Technologies,operating,RI-based API/opioid manufacturing,https://www.rhodestech.com/,Process validation → commercial supply,Operating cash flow + SSBCI/capex,CMC + regulatory affairs,,,,,,Slater SSBCI + bank; not classic VC,suggested,medium,web_search_2026_03
auto_purdue_pharma_allyl_catalyzed_compounds_metal_preparation_ther,Transition metal catalyzed processes for the Therapeutic Opportunity,ri_pharma_chemistry,2,ri_operating,Noramco,operating,Controlled-substance synthesis RI,https://www.noramco.com/,CMC scale-up,Private operating company,Process chemistry + QA,,,,,,Capex expansion financing,suggested,medium,web_search_2026_03
auto_purdue_pharma_allyl_catalyzed_compounds_metal_preparation_ther,Transition metal catalyzed processes for the Therapeutic Opportunity,ri_pharma_chemistry,3,public,Collegium Pharmaceutical,public,Opioid reformulation commercial model,https://www.collegiumpharma.com/,FDA approvals → commercialization,Public (NASDAQ COLL); ~$1.2B market cap; pain/opioid reformulation model,Pain medicine commercial,1180000000,,1180000000,market_cap,https://finance.yahoo.com/quote/COLL/,Public markets,verified,high,web_verify_2026_05
auto_purdue_pharmaceuticals_having_hydrochloride_hydroxycodeinone_less_oxyco,Oxycodone hydrochloride having less than PPM Technology Platform Opportunity,ri_pharma_chemistry,1,ri_operating,Rhodes Technologies,operating,RI-based API/opioid manufacturing,https://www.rhodestech.com/,Process validation → commercial supply,Operating cash flow + SSBCI/capex,CMC + regulatory affairs,,,,,,Slater SSBCI + bank; not classic VC,suggested,medium,web_search_2026_03
auto_purdue_pharmaceuticals_having_hydrochloride_hydroxycodeinone_less_oxyco,Oxycodone hydrochloride having less than PPM Technology Platform Opportunity,ri_pharma_chemistry,2,ri_operating,Noramco,operating,Controlled-substance synthesis RI,https://www.noramco.com/,CMC scale-up,Private operating company,Process chemistry + QA,,,,,,Capex expansion financing,suggested,medium,web_search_2026_03
auto_purdue_pharmaceuticals_having_hydrochloride_hydroxycodeinone_less_oxyco,Oxycodone hydrochloride having less than PPM Technology Platform Opportunity,ri_pharma_chemistry,3,public,Collegium Pharmaceutical,public,Opioid reformulation commercial model,https://www.collegiumpharma.com/,FDA approvals → commercialization,Public (NASDAQ COLL); ~$1.2B market cap; pain/opioid reformulation model,Pain medicine commercial,1180000000,,1180000000,market_cap,https://finance.yahoo.com/quote/COLL/,Public markets,verified,high,web_verify_2026_05
auto_rhode_island_brain_implantable,Brain implantable device Medical Device Opportunity,neuro_implant_generic,1,startup,NeuroPace,public,Brain implantable sensing/stimulation,https://www.neuropace.com/,PMA + post-market,Public,Neurosurgery + neurology,540000000,,540000000,market_cap,https://investors.neuropace.com/,Venture → IPO,verified,high,web_verify_2026_05
auto_rhode_island_brain_implantable,Brain implantable device Medical Device Opportunity,neuro_implant_generic,2,startup,Synchron,pivotal,Implantable neural interface,https://synchron.com/,Pivotal trial,$345M total funding,Interventional neurology,345000000,,345000000,total_raised,https://www.businesswire.com/news/home/20251106150841/en/Synchron-Raises-200-Million-Series-D-to-Advance-Brain-Computer-Interface-Technology,Late-stage VC,verified,high,web_verify_2026_05
auto_rhode_island_brain_implantable,Brain implantable device Medical Device Opportunity,neuro_implant_generic,3,startup,Blackrock Neurotech,private,Research-grade implants,https://www.blackrockneuro.com/,Clinical translation,Strategic,Neurosurgery research,,,,,,Grants + strategic,suggested,medium,web_search_2026_03
auto_rhode_island_fixation_intracranial,Intracranial fixation device Medical Device Opportunity,neuro_dbs_hardware,1,incumbent,Boston Scientific Vercise,commercial,DBS leads and IPGs,https://www.bostonscientific.com/,Commercial neurostimulation,Strategic,Neurosurgery,,,,,,OEM partnership,suggested,medium,web_search_2026_03
auto_rhode_island_fixation_intracranial,Intracranial fixation device Medical Device Opportunity,neuro_dbs_hardware,2,incumbent,Medtronic SenSight leads,commercial,Directional DBS leads,https://www.medtronic.com/,510(k) device line extensions,Strategic,Neurosurgery + neurology,,,,,,License to big medtech,suggested,medium,web_search_2026_03
auto_rhode_island_fixation_intracranial,Intracranial fixation device Medical Device Opportunity,neuro_dbs_hardware,3,startup,ClearPoint Neuro,public,MRI-guided intervention platform,https://www.clearpointneuro.com/,Commercial neuro navigation,Public (NASDAQ CLPT); ~$335M market cap (May 2026),Neurosurgery,335000000,,335000000,market_cap,https://finance.yahoo.com/quote/CLPT/,Public medtech,verified,high,web_verify_2026_05
auto_rhodes_technologies_cannabinoid_delivery_dosage_forms_inhalational_i,CANNABINOID COMPOSITIONS AND DOSAGE FORMS FOR Technology Platform Opportunity,ri_pharma_chemistry,1,ri_operating,Rhodes Technologies,operating,RI-based API/opioid manufacturing,https://www.rhodestech.com/,Process validation → commercial supply,Operating cash flow + SSBCI/capex,CMC + regulatory affairs,,,,,,Slater SSBCI + bank; not classic VC,suggested,medium,web_search_2026_03
auto_rhodes_technologies_cannabinoid_delivery_dosage_forms_inhalational_i,CANNABINOID COMPOSITIONS AND DOSAGE FORMS FOR Technology Platform Opportunity,ri_pharma_chemistry,2,ri_operating,Noramco,operating,Controlled-substance synthesis RI,https://www.noramco.com/,CMC scale-up,Private operating company,Process chemistry + QA,,,,,,Capex expansion financing,suggested,medium,web_search_2026_03
auto_rhodes_technologies_cannabinoid_delivery_dosage_forms_inhalational_i,CANNABINOID COMPOSITIONS AND DOSAGE FORMS FOR Technology Platform Opportunity,ri_pharma_chemistry,3,public,Collegium Pharmaceutical,public,Opioid reformulation commercial model,https://www.collegiumpharma.com/,FDA approvals → commercialization,Public (NASDAQ COLL); ~$1.2B market cap; pain/opioid reformulation model,Pain medicine commercial,1180000000,,1180000000,market_cap,https://finance.yahoo.com/quote/COLL/,Public markets,verified,high,web_verify_2026_05
auto_rhodes_technologies_dronabinol_increasing_stability,SYSTEMS AND METHODS FOR INCREASING STABILITY Technology Platform Opportunity,ri_pharma_chemistry,1,ri_operating,Rhodes Technologies,operating,RI-based API/opioid manufacturing,https://www.rhodestech.com/,Process validation → commercial supply,Operating cash flow + SSBCI/capex,CMC + regulatory affairs,,,,,,Slater SSBCI + bank; not classic VC,suggested,medium,web_search_2026_03
auto_rhodes_technologies_dronabinol_increasing_stability,SYSTEMS AND METHODS FOR INCREASING STABILITY Technology Platform Opportunity,ri_pharma_chemistry,2,ri_operating,Noramco,operating,Controlled-substance synthesis RI,https://www.noramco.com/,CMC scale-up,Private operating company,Process chemistry + QA,,,,,,Capex expansion financing,suggested,medium,web_search_2026_03
auto_rhodes_technologies_dronabinol_increasing_stability,SYSTEMS AND METHODS FOR INCREASING STABILITY Technology Platform Opportunity,ri_pharma_chemistry,3,public,Collegium Pharmaceutical,public,Opioid reformulation commercial model,https://www.collegiumpharma.com/,FDA approvals → commercialization,Public (NASDAQ COLL); ~$1.2B market cap; pain/opioid reformulation model,Pain medicine commercial,1180000000,,1180000000,market_cap,https://finance.yahoo.com/quote/COLL/,Public markets,verified,high,web_verify_2026_05
auto_rhodes_technologies_improved_opioid_synthesis,PROCESS FOR IMPROVED OPIOID SYNTHESIS Technology Platform Opportunity,ri_pharma_chemistry,1,ri_operating,Rhodes Technologies,operating,RI-based API/opioid manufacturing,https://www.rhodestech.com/,Process validation → commercial supply,Operating cash flow + SSBCI/capex,CMC + regulatory affairs,,,,,,Slater SSBCI + bank; not classic VC,suggested,medium,web_search_2026_03
auto_rhodes_technologies_improved_opioid_synthesis,PROCESS FOR IMPROVED OPIOID SYNTHESIS Technology Platform Opportunity,ri_pharma_chemistry,2,ri_operating,Noramco,operating,Controlled-substance synthesis RI,https://www.noramco.com/,CMC scale-up,Private operating company,Process chemistry + QA,,,,,,Capex expansion financing,suggested,medium,web_search_2026_03
auto_rhodes_technologies_improved_opioid_synthesis,PROCESS FOR IMPROVED OPIOID SYNTHESIS Technology Platform Opportunity,ri_pharma_chemistry,3,public,Collegium Pharmaceutical,public,Opioid reformulation commercial model,https://www.collegiumpharma.com/,FDA approvals → commercialization,Public (NASDAQ COLL); ~$1.2B market cap; pain/opioid reformulation model,Pain medicine commercial,1180000000,,1180000000,market_cap,https://finance.yahoo.com/quote/COLL/,Public markets,verified,high,web_verify_2026_05
auto_rhodes_technologies_improved_oxymorphone_synthesis,Process for improved oxymorphone synthesis Technology Platform Opportunity,ri_pharma_chemistry,1,ri_operating,Rhodes Technologies,operating,RI-based API/opioid manufacturing,https://www.rhodestech.com/,Process validation → commercial supply,Operating cash flow + SSBCI/capex,CMC + regulatory affairs,,,,,,Slater SSBCI + bank; not classic VC,suggested,medium,web_search_2026_03
auto_rhodes_technologies_improved_oxymorphone_synthesis,Process for improved oxymorphone synthesis Technology Platform Opportunity,ri_pharma_chemistry,2,ri_operating,Noramco,operating,Controlled-substance synthesis RI,https://www.noramco.com/,CMC scale-up,Private operating company,Process chemistry + QA,,,,,,Capex expansion financing,suggested,medium,web_search_2026_03
auto_rhodes_technologies_improved_oxymorphone_synthesis,Process for improved oxymorphone synthesis Technology Platform Opportunity,ri_pharma_chemistry,3,public,Collegium Pharmaceutical,public,Opioid reformulation commercial model,https://www.collegiumpharma.com/,FDA approvals → commercialization,Public (NASDAQ COLL); ~$1.2B market cap; pain/opioid reformulation model,Pain medicine commercial,1180000000,,1180000000,market_cap,https://finance.yahoo.com/quote/COLL/,Public markets,verified,high,web_verify_2026_05
auto_bryant_university_antibacterial_compounds_making_same_using,Brown–Bryant antibacterial diamides,brown_antibacterial,1,program,NIH SBIR Phase I/II,grant,Typical first external capital for RI university spinouts,https://www.sbir.gov/,Phase I → Phase II → seed,$250K–$2M non-dilutive,PI + university TTO,1500000,,1500000,total_raised,,SBIR then physician syndicate + Slater match,suggested,medium,web_search_2026_03
auto_bryant_university_antibacterial_compounds_making_same_using,Brown–Bryant antibacterial diamides,brown_antibacterial,2,program,Brown/RI Hospital translational funds,grant,Bridge before syndicate,,Pilot grants → spinout,$50K–$500K,Academic PI + clinicians,250000,,250000,total_raised,,Philanthropy + hospital innovation,suggested,medium,web_search_2026_03
auto_neurotech_analyte_apparatuses_diffusive_implantable_packag,Neurotech — BAO implant packaging,neurotech_ect,1,program,NIH SBIR Phase I/II,grant,Typical first external capital for RI university spinouts,https://www.sbir.gov/,Phase I → Phase II → seed,$250K–$2M non-dilutive,PI + university TTO,1500000,,1500000,total_raised,,SBIR then physician syndicate + Slater match,suggested,medium,web_search_2026_03
auto_neurotech_analyte_apparatuses_diffusive_implantable_packag,Neurotech — BAO implant packaging,neurotech_ect,2,program,Brown/RI Hospital translational funds,grant,Bridge before syndicate,,Pilot grants → spinout,$50K–$500K,Academic PI + clinicians,250000,,250000,total_raised,,Philanthropy + hospital innovation,suggested,medium,web_search_2026_03
auto_neurotech_cell_disorders_encapsulated_ophthalmic_therapy,Neurotech — encapsulated cell therapy for ophthalmic disease,neurotech_ect,1,program,NIH SBIR Phase I/II,grant,Typical first external capital for RI university spinouts,https://www.sbir.gov/,Phase I → Phase II → seed,$250K–$2M non-dilutive,PI + university TTO,1500000,,1500000,total_raised,,SBIR then physician syndicate + Slater match,suggested,medium,web_search_2026_03
auto_neurotech_cell_disorders_encapsulated_ophthalmic_therapy,Neurotech — encapsulated cell therapy for ophthalmic disease,neurotech_ect,2,program,Brown/RI Hospital translational funds,grant,Bridge before syndicate,,Pilot grants → spinout,$50K–$500K,Academic PI + clinicians,250000,,250000,total_raised,,Philanthropy + hospital innovation,suggested,medium,web_search_2026_03
auto_rhode_island_activity_brain_detecting_pain_using,Saab — brain/spinal pain neurophysiology,saab_pain_neuro,1,program,NIH SBIR Phase I/II,grant,Typical first external capital for RI university spinouts,https://www.sbir.gov/,Phase I → Phase II → seed,$250K–$2M non-dilutive,PI + university TTO,1500000,,1500000,total_raised,,SBIR then physician syndicate + Slater match,suggested,medium,web_search_2026_03
auto_rhode_island_activity_brain_detecting_pain_using,Saab — brain/spinal pain neurophysiology,saab_pain_neuro,2,program,Brown/RI Hospital translational funds,grant,Bridge before syndicate,,Pilot grants → spinout,$50K–$500K,Academic PI + clinicians,250000,,250000,total_raised,,Philanthropy + hospital innovation,suggested,medium,web_search_2026_03
auto_rhode_island_biomarker_brugada_circulating_syndrome,Brugada syndrome circulating biomarker (MESPl),brugada_dx,1,program,NIH SBIR Phase I/II,grant,Typical first external capital for RI university spinouts,https://www.sbir.gov/,Phase I → Phase II → seed,$250K–$2M non-dilutive,PI + university TTO,1500000,,1500000,total_raised,,SBIR then physician syndicate + Slater match,suggested,medium,web_search_2026_03
auto_rhode_island_biomarker_brugada_circulating_syndrome,Brugada syndrome circulating biomarker (MESPl),brugada_dx,2,program,Brown/RI Hospital translational funds,grant,Bridge before syndicate,,Pilot grants → spinout,$50K–$500K,Academic PI + clinicians,250000,,250000,total_raised,,Philanthropy + hospital innovation,suggested,medium,web_search_2026_03
auto_rhode_island_brain_enhancer_primary_rnas_targeting_tumors,Enhancer RNA targeting for primary brain tumors,brain_tumor_rna,1,program,NIH SBIR Phase I/II,grant,Typical first external capital for RI university spinouts,https://www.sbir.gov/,Phase I → Phase II → seed,$250K–$2M non-dilutive,PI + university TTO,1500000,,1500000,total_raised,,SBIR then physician syndicate + Slater match,suggested,medium,web_search_2026_03
auto_rhode_island_brain_enhancer_primary_rnas_targeting_tumors,Enhancer RNA targeting for primary brain tumors,brain_tumor_rna,2,program,Brown/RI Hospital translational funds,grant,Bridge before syndicate,,Pilot grants → spinout,$50K–$500K,Academic PI + clinicians,250000,,250000,total_raised,,Philanthropy + hospital innovation,suggested,medium,web_search_2026_03
auto_rhode_island_conductivity_dose_fields_hydrogel_impacts_skin_t,TTF hydrogel — skin dose from tumor treating fields,ttf_neuro_onc,1,program,NIH SBIR Phase I/II,grant,Typical first external capital for RI university spinouts,https://www.sbir.gov/,Phase I → Phase II → seed,$250K–$2M non-dilutive,PI + university TTO,1500000,,1500000,total_raised,,SBIR then physician syndicate + Slater match,suggested,medium,web_search_2026_03
auto_rhode_island_conductivity_dose_fields_hydrogel_impacts_skin_t,TTF hydrogel — skin dose from tumor treating fields,ttf_neuro_onc,2,program,Brown/RI Hospital translational funds,grant,Bridge before syndicate,,Pilot grants → spinout,$50K–$500K,Academic PI + clinicians,250000,,250000,total_raised,,Philanthropy + hospital innovation,suggested,medium,web_search_2026_03
auto_univ_brown_chiplet_intranet_large_recordiing_scale_stimulat,Brown — chiplet wireless neural intranet,brown_neurotech_implant,1,pharma_deal,Iota Biosciences (neural dust),acquired_2020,Ultrasound-powered wireless neural dust; mm-scale battery-free implants for neural sensing/stimulation,https://newsroom.astellas.com/2020-10-30-Astellas-Completes-Acquisition-of-iota-Biosciences,Preclinical → Astellas R&D partnership → acquisition → Rx+ platform,$15M Series A (May 2018); $127.5M upfront acquisition (Oct 2020) + up to $176.5M milestones; $125M five-year post-close R&D commitment,Neuroengineering + neurosurgery/neurology KOLs,15000000,127500000,304000000,acquisition,https://newsroom.astellas.com/2020-10-30-Astellas-Completes-Acquisition-of-iota-Biosciences,Seed/Series A → corporate R&D → pharma acquisition (Astellas Rx+),verified,high,web_verify_2026_05
auto_univ_brown_chiplet_intranet_large_recordiing_scale_stimulat,Brown — chiplet wireless neural intranet,brown_neurotech_implant,2,startup,Synchron (Stentrode),pivotal_2026,Endovascular BCI; minimally invasive neural interface,https://synchron.com/,IDE → pivotal → PMA,$345M lifetime; $200M Series D (Nov 2025),Interventional neurology + neurosurgery,345000000,200000000,345000000,total_raised,https://www.businesswire.com/news/home/20251106150841/en/Synchron-Raises-200-Million-Series-D-to-Advance-Brain-Computer-Interface-Technology,Venture → pivotal → PMA,verified,high,web_verify_2026_05
auto_univ_brown_chiplet_intranet_large_recordiing_scale_stimulat,Brown — chiplet wireless neural intranet,brown_neurotech_implant,3,startup,Blackrock Neurotech,private,Utah array; research/clinical BCI,https://www.blackrockneuro.com/,Research grants → clinical trials,Strategic + grants,Neurosurgery + BCI research,,,,,,Strategic pharma/device,suggested,medium,web_search_2026_03
auto_univ_brown_chiplet_intranet_large_recordiing_scale_stimulat,Brown — chiplet wireless neural intranet,brown_neurotech_implant,4,startup,Precision Neuroscience (Layer 7),clinical,Thin-film cortical surface array,https://precisionneuro.io/,Clinical feasibility → IDE,$155M total; $102M Series C (Dec 2024),Neurosurgery + neurology,155000000,102000000,155000000,total_raised,https://www.globenewswire.com/news-release/2024/12/16/2997364/0/en/Precision-Neuroscience-Raises-102-Million-to-Advance-AI-Powered-Brain-Implant.html,VC → strategic (Medtronic partnership),verified,high,web_verify_2026_05
prothera_iaip_ri,ProThera — IAIP biologics for sepsis,prothera_iaip,1,pharma_deal,Takeda (ProThera IAIP license),licensed_2020,Global plasma-derived IAIP license; Takeda leads IND-enabling and funds all development/commercialization,https://www.takeda.com/,IND-enabling collaboration → Takeda-led plasma-derived IAIP development + companion diagnostics,Global licensing deal (Apr 2020); Takeda funds all development and commercialization (terms undisclosed),Critical care + plasma-derived therapeutics,,,,,https://www.takeda.com/en-us/newsroom/news-releases/2020/prothera-biologics-and-takeda-enter-global-licensing-agreement/,Biologic platform → global pharma license,verified,high,web_verify_2026_05
prothera_iaip_ri,ProThera — IAIP biologics for sepsis,prothera_iaip,2,startup,Inflammatix (TriVerity),FDA_cleared_2025,Complementary sepsis host-response diagnostic (Monaghan-adjacent),https://www.inflammatix.com/,FDA clearance (Jan 2025) → ICU sepsis host-response adoption,>$200M private + >$50M grants; $57M Series E (Sep 2024),Critical care,200000000,57000000,200000000,total_raised,https://inflammatix.com/inflammatix-secures-57-million-to-advance-novel-diagnostic-for-patients-with-suspected-infections-or-sepsis/,Hospital contracts + strategic Dx investors,verified,high,web_verify_2026_05
prothera_iaip_ri,ProThera — IAIP biologics for sepsis,prothera_iaip,3,startup,Immunexpress (SeptiCyte RAPID),FDA_cleared,FDA-cleared host-response sepsis dx; Biocartis Idylla platform,https://immunexpress.com/,Host-response gene panel → FDA-cleared SeptiCyte RAPID (1 hr),BARDA DRIVe $744K of $3.2M SeptiCyte/Idylla project (Feb 2019),Critical care + lab medicine,3200000,,3200000,grant,https://www.prnewswire.com/news-releases/immunexpress-secures-barda-contract-for-the-continued-development-of-septicyte-for-the-rapid-and-accurate-diagnosis-of-sepsis-300790510.html,Non-dilutive BARDA → commercial partnership,verified,high,web_verify_2026_05
auto_contech_medical_medical_securing,Contech — medical device securing clip,general_ri_spinout,1,program,NIH SBIR Phase I/II,grant,Typical first external capital for RI university spinouts,https://www.sbir.gov/,Phase I → Phase II → seed,$250K–$2M non-dilutive,PI + university TTO,1500000,,1500000,total_raised,,SBIR then physician syndicate + Slater match,suggested,medium,web_search_2026_03
auto_contech_medical_medical_securing,Contech — medical device securing clip,general_ri_spinout,2,program,Brown/RI Hospital translational funds,grant,Bridge before syndicate,,Pilot grants → spinout,$50K–$500K,Academic PI + clinicians,250000,,250000,total_raised,,Philanthropy + hospital innovation,suggested,medium,web_search_2026_03
auto_brown_university_annulus_biocompatible_brain_catheter_coupled_ele,Brain electrode annulus + catheter system,,1,incumbent,Boston Scientific Vercise,commercial,DBS leads and IPGs,https://www.bostonscientific.com/,Commercial neurostimulation,Strategic,Neurosurgery,,,,,,OEM partnership,suggested,medium,web_search_2026_03
auto_brown_university_annulus_biocompatible_brain_catheter_coupled_ele,Brain electrode annulus + catheter system,,2,incumbent,Medtronic SenSight leads,commercial,Directional DBS leads,https://www.medtronic.com/,510(k) device line extensions,Strategic,Neurosurgery + neurology,,,,,,License to big medtech,suggested,medium,web_search_2026_03
auto_brown_university_annulus_biocompatible_brain_catheter_coupled_ele,Brain electrode annulus + catheter system,,3,startup,ClearPoint Neuro,public,MRI-guided intervention platform,https://www.clearpointneuro.com/,Commercial neuro navigation,Public (NASDAQ CLPT); ~$335M market cap (May 2026),Neurosurgery,335000000,,335000000,market_cap,https://finance.yahoo.com/quote/CLPT/,Public medtech,verified,high,web_verify_2026_05
auto_brown_university_anti_antibody_bispecific_chi3l1_reagents_relatin,CHI3L1 — bispecific antibody platform,chi3l1,1,ri_public,Ocean Biomedical (CHI3L1 / Elias),public_SPAC,Providence RI; Brown/Elias CHI3L1 antibodies,https://www.globenewswire.com/news-release/2023/05/23/2674264/0/en/Ocean-Biomedical-Inc-NASDAQ-OCEA-Announces-Patent-Award-for-Novel-Cancer-Immunotherapy-Treatment-Granted-for-Prostate-Cancer-Colon-Cancer-Ovarian-Cancer-Kidney-Cancer-Breast-Cancer.html,Preclinical → IND-enabling → spinouts,Public vehicle + university licenses,Med onc + translational pulmonology,,,,,,Hub-and-spoke biotech holding,suggested,medium,web_search_2026_03
auto_brown_university_anti_antibody_bispecific_chi3l1_reagents_relatin,CHI3L1 — bispecific antibody platform,chi3l1,2,research,Brown / RI Hospital CHI3L1 program (Elias),academic,SEC filings describe mAb and bispecific pipeline,https://www.sec.gov/Archives/edgar/data/1869974/000149315223010129/form10-k.htm,Academic → Ocean license → IND,NIH + philanthropy + venture spinout,Oncology + immunology,,,,,,License to vehicle or newco,suggested,medium,web_search_2026_03
auto_brown_university_anti_antibody_bispecific_chi3l1_reagents_relatin,CHI3L1 — bispecific antibody platform,chi3l1,3,pharma_deal,GSK efimosfermin acquisition (NASH analog),phase_3_ready,Fibrosis/NASH exit comp (not CHI3L1 mechanism),https://www.businesswire.com/news/home/20250513598541/en/GSK-to-acquire-efimosfermin-a-phase-III-ready-potential-best-in-class-specialty-medicine-to-treat-and-prevent-progression-of-steatotic-liver-disease-SLD,Phase 3 → acquisition,$1.2B upfront + up to $800M milestones,Hepatology development,1200000000,1200000000,1200000000,acquisition,https://www.businesswire.com/news/home/20250513598541/en/GSK-to-acquire-efimosfermin-a-phase-III-ready-potential-best-in-class-specialty-medicine-to-treat-and-prevent-progression-of-steatotic-liver-disease-SLD,Pharma acquisition of late-stage asset,verified,high,web_verify_2026_05
auto_brown_university_biomedical_biosensor_diagnostics_large_networks,Nurmikko — wireless biosensor networks,,1,startup,Biowear,clinical_validation,Smart textile multi-sensor networks,https://www.biowear.net/,Hospital validation → deployment,Venture + hospital partners,Cardiology + digital health,,,,,,Hospital pilot → payer,suggested,medium,web_search_2026_03
auto_brown_university_biomedical_biosensor_diagnostics_large_networks,Nurmikko — wireless biosensor networks,,2,startup,Senphonix (SleeveSense),early,Wireless ward monitoring; LoRa hospital network,https://senphonix.com/solution,Pilot → health-system integration,Seed medtech,Hospital medicine + IT,,,,,,Hospital SaaS + device,suggested,medium,web_search_2026_03
auto_brown_university_biomedical_biosensor_diagnostics_large_networks,Nurmikko — wireless biosensor networks,,3,startup,AOKNOS,early,AI biosensor cardiovascular risk,https://aoknos.com/,Algorithm validation → FDA path,Seed,Cardiology,,,,,,Seed VC,suggested,medium,web_search_2026_03
auto_brown_university_brain_chemotherapeutic_drug_enhancing_tumors_upt,Brown — brain tumor chemo uptake,,1,startup,Carthera (Sonocloud BBB),clinical,BBB opening for brain drug delivery,https://www.carthera.eu/,Clinical trials in neuro-onc,"~$55M total; Series B €42M (~$45M, Dec 2023)",Neuro-oncology,55100000,45000000,55100000,total_raised,https://carthera.eu/,Venture → pharma,verified,high,web_verify_2026_05
auto_brown_university_drug_overdose,Brown — drug overdose therapeutics,,1,public,Indivior,commercial,Opioid use disorder therapeutics,https://www.indivior.com/,NDA/BLA path,Public (NASDAQ INDV); ~$4.9B market cap; opioid-use-disorder portfolio,Addiction medicine + EM,4870000000,,4870000000,market_cap,https://public.com/stocks/indv/market-cap,Pharma development,verified,high,web_verify_2026_05
auto_brown_university_drug_overdose,Brown — drug overdose therapeutics,,2,startup,Harm Reduction Therapeutics,nonprofit_commercial,OTC naloxone model,https://www.harmreductiontherapeutics.org/,Regulatory → distribution,Grants + philanthropy,Public health,,,,,,Non-dilutive + partnerships,suggested,medium,web_search_2026_03
auto_brown_university_implantable_neural_wireless,Nurmikko — implantable wireless neural device,brown_neurotech,1,pharma_deal,Iota Biosciences (neural dust),acquired_2020,Ultrasound-powered wireless neural dust; mm-scale battery-free implants for neural sensing/stimulation,https://newsroom.astellas.com/2020-10-30-Astellas-Completes-Acquisition-of-iota-Biosciences,Preclinical → Astellas R&D partnership → acquisition → Rx+ platform,$15M Series A (May 2018); $127.5M upfront acquisition (Oct 2020) + up to $176.5M milestones; $125M five-year post-close R&D commitment,Neuroengineering + neurosurgery/neurology KOLs,15000000,127500000,304000000,acquisition,https://newsroom.astellas.com/2020-10-30-Astellas-Completes-Acquisition-of-iota-Biosciences,Seed/Series A → corporate R&D → pharma acquisition (Astellas Rx+),verified,high,web_verify_2026_05
auto_brown_university_implantable_neural_wireless,Nurmikko — implantable wireless neural device,brown_neurotech,2,startup,Synchron (Stentrode),pivotal_2026,Endovascular BCI; minimally invasive neural interface,https://synchron.com/,IDE → pivotal → PMA,$345M lifetime; $200M Series D (Nov 2025),Interventional neurology + neurosurgery,345000000,200000000,345000000,total_raised,https://www.businesswire.com/news/home/20251106150841/en/Synchron-Raises-200-Million-Series-D-to-Advance-Brain-Computer-Interface-Technology,Venture → pivotal → PMA,verified,high,web_verify_2026_05
auto_brown_university_implantable_neural_wireless,Nurmikko — implantable wireless neural device,brown_neurotech,3,startup,Blackrock Neurotech,private,Utah array; research/clinical BCI,https://www.blackrockneuro.com/,Research grants → clinical trials,Strategic + grants,Neurosurgery + BCI research,,,,,,Strategic pharma/device,suggested,medium,web_search_2026_03
auto_brown_university_implantable_neural_wireless,Nurmikko — implantable wireless neural device,brown_neurotech,4,startup,Precision Neuroscience (Layer 7),clinical,Thin-film cortical surface array,https://precisionneuro.io/,Clinical feasibility → IDE,$155M total; $102M Series C (Dec 2024),Neurosurgery + neurology,155000000,102000000,155000000,total_raised,https://www.globenewswire.com/news-release/2024/12/16/2997364/0/en/Precision-Neuroscience-Raises-102-Million-to-Advance-AI-Powered-Brain-Implant.html,VC → strategic (Medtronic partnership),verified,high,web_verify_2026_05
auto_noramco_2020_hydrochloride_methylphenidate_synthesis_temperat,Noramco — methylphenidate synthesis,ri_pharma_chemistry,1,ri_operating,Rhodes Technologies,operating,RI-based API/opioid manufacturing,https://www.rhodestech.com/,Process validation → commercial supply,Operating cash flow + SSBCI/capex,CMC + regulatory affairs,,,,,,Slater SSBCI + bank; not classic VC,suggested,medium,web_search_2026_03
auto_noramco_2020_hydrochloride_methylphenidate_synthesis_temperat,Noramco — methylphenidate synthesis,ri_pharma_chemistry,2,ri_operating,Noramco,operating,Controlled-substance synthesis RI,https://www.noramco.com/,CMC scale-up,Private operating company,Process chemistry + QA,,,,,,Capex expansion financing,suggested,medium,web_search_2026_03
auto_noramco_2020_hydrochloride_methylphenidate_synthesis_temperat,Noramco — methylphenidate synthesis,ri_pharma_chemistry,3,public,Collegium Pharmaceutical,public,Opioid reformulation commercial model,https://www.collegiumpharma.com/,FDA approvals → commercialization,Public (NASDAQ COLL); ~$1.2B market cap; pain/opioid reformulation model,Pain medicine commercial,1180000000,,1180000000,market_cap,https://finance.yahoo.com/quote/COLL/,Public markets,verified,high,web_verify_2026_05
auto_regents_university_anti_compounds_inflammatory_inhibition_making_qu,URI — marine anti-inflammatory / quorum sensing,,1,research,URI marine natural product program,academic,University marine biodiscovery,https://web.uri.edu/pharmacy/,Grant → lead optimization → spinout,NIH + URI translational,Microbiology + medicinal chemistry,,,,,,Grant → seed biotech,suggested,medium,web_search_2026_03
auto_rhode_island_alloy_array_brain_cord_electrode_invasive_memory,Shape-memory electrode array (spine/brain),,1,incumbent,Boston Scientific Vercise,commercial,DBS leads and IPGs,https://www.bostonscientific.com/,Commercial neurostimulation,Strategic,Neurosurgery,,,,,,OEM partnership,suggested,medium,web_search_2026_03
auto_rhode_island_alloy_array_brain_cord_electrode_invasive_memory,Shape-memory electrode array (spine/brain),,2,incumbent,Medtronic SenSight leads,commercial,Directional DBS leads,https://www.medtronic.com/,510(k) device line extensions,Strategic,Neurosurgery + neurology,,,,,,License to big medtech,suggested,medium,web_search_2026_03
auto_rhode_island_alloy_array_brain_cord_electrode_invasive_memory,Shape-memory electrode array (spine/brain),,3,startup,ClearPoint Neuro,public,MRI-guided intervention platform,https://www.clearpointneuro.com/,Commercial neuro navigation,Public (NASDAQ CLPT); ~$335M market cap (May 2026),Neurosurgery,335000000,,335000000,market_cap,https://finance.yahoo.com/quote/CLPT/,Public medtech,verified,high,web_verify_2026_05
auto_rhode_island_anterior_cruciate_invasive_ligament_measurement,ACL post-surgery outcome prediction (MRI),,1,startup,OrthoPred (DeepKnee),clinical_validation,Autonomous knee MRI interpretation,https://orthopred.com/,CE/FDA software as medical device,Seed/Series A imaging AI,Orthopedics + radiology,,,,,,SaMD + PACS integration,suggested,medium,web_search_2026_03
auto_rhode_island_anterior_cruciate_invasive_ligament_measurement,ACL post-surgery outcome prediction (MRI),,2,startup,AIKESO,early,3D joint reconstruction; surgical planning,https://aikeso.com/,Clinical pilots → FDA,Seed (Switzerland),Orthopedic surgery,,,,,,EU seed → US expansion,suggested,medium,web_search_2026_03
auto_rhode_island_anterior_cruciate_invasive_ligament_measurement,ACL post-surgery outcome prediction (MRI),,3,research,LigaNET (ACL reinjury prediction),research,Multi-modal MRI reinjury model,https://www.medrxiv.org/content/10.1101/2023.07.25.23293102v1,Academic validation → spinout,NIH → seed,Orthopedics + radiology,,,,,,License to SaMD company,suggested,medium,web_search_2026_03
auto_rhode_island_antibacterial_antibiofilm_auranofin_catheter_coa,Auranofin antibiofilm catheter coating,,1,research,Brown/RI Hospital auranofin catheter (published),precommercial,Same invention family; publication + patent,https://engineering.brown.edu/news/2019-03-07/germ-fighting-catheter-coating-may-help-prevent-infections,GLP → 510(k) catheter coating,University translational + Slater,ID + critical care + device,,,,,,Spinout + strategic catheter OEM,suggested,medium,web_search_2026_03
auto_rhode_island_antibacterial_antibiofilm_auranofin_catheter_coa,Auranofin antibiofilm catheter coating,,2,incumbent,CorMedix DefenCath,FDA_approved,Antimicrobial catheter lock; infection prevention,https://www.cormedix.com/,Commercial infection prevention,Public (NASDAQ CRMD); ~$570M market cap; DefenCath commercial,Nephrology/ICU,570000000,,570000000,market_cap,https://www.macrotrends.net/stocks/charts/CRMD/cormedix-inc/market-cap,Regulatory + hospital GPO,verified,high,web_verify_2026_05
auto_rhode_island_antibacterial_antibiofilm_auranofin_catheter_coa,Auranofin antibiofilm catheter coating,,3,research,Frontiers publication (auranofin PU coating),published,Scientific precedent for coating claims,https://www.frontiersin.org/journals/cellular-and-infection-microbiology/articles/10.3389/fcimb.2019.00037/full,Evidence package for 510(k),Grant-funded science,Academic ID + materials,,,,,,SBIR + device spinout,suggested,medium,web_search_2026_03
auto_rhode_island_behavioral_biomarkers_brain_closed_deep_features,Closed-loop DBS with neural/behavioral biomarkers,,1,incumbent,Medtronic Percept (BrainSense),FDA_adaptive_DBS,Closed-loop/adaptive DBS; sensing leads,https://www.medtronic.com/en-us/healthcare-professionals/specialties/neurology/therapies-procedures/deep-brain-stimulation/product-portfolio/percept-family.html,Post-market adaptive DBS rollout,Strategic incumbent (not VC seed),Movement disorders neurology + neurosurgery,,,,,,Out-license or RI spinout vs compete,suggested,medium,web_search_2026_03
auto_rhode_island_behavioral_biomarkers_brain_closed_deep_features,Closed-loop DBS with neural/behavioral biomarkers,,2,startup,NeuroPace (RNS),public,Responsive neurostimulation; closed-loop epilepsy,https://www.neuropace.com/,PMA → post-approval studies,Public (NASDAQ NPCE); ~$540M market cap; $100M revenue (FY2025),Epilepsy + neurosurgery,540000000,,540000000,market_cap,https://multiples.vc/public-comps/neuropace-valuation-multiples,Public medtech,verified,high,web_verify_2026_05
auto_rhode_island_behavioral_biomarkers_brain_closed_deep_features,Closed-loop DBS with neural/behavioral biomarkers,,3,startup,Newronika (AlphaDBS),investigational_US,Adaptive closed-loop DBS (EU),https://pmc.ncbi.nlm.nih.gov/articles/PMC11524207/,Clinical trials → CE/FDA,EU venture,Movement disorders,,,,,,Venture → strategic,suggested,medium,web_search_2026_03
auto_rhode_island_biomedical_detecting_electrical_electrode_locali,"Besio — epilepsy electrodes, tripolar stimulation & sensors",besio_neuro_device,1,startup,mjn-neuro (EPISERAS / mjn-SERAS),commercial_EU,Non-invasive wearable EEG; seizure-risk prediction; CE Class IIa,https://mjn.cat/en/mjn-seras/,Pilot → EU commercial; digital therapeutic + device,Venture-backed med device; regional commercial launch,Neurology/epilepsy KOLs; digital health commercial,,,,,,Device revenue + pharma distribution (Neuraxpharm),suggested,medium,web_search_2026_03
auto_rhode_island_biomedical_detecting_electrical_electrode_locali,"Besio — epilepsy electrodes, tripolar stimulation & sensors",besio_neuro_device,2,startup,Theta Neurotech,pre_seed,Wearable adhesive EEG; seizure prediction,https://www.thetaneurotech.com/,Pre-seed → clinical validation → Series A,"~$2M pre-seed (press, 2024)",Epilepsy clinicians + ML engineers,2000000,2000000,2000000,last_round,https://www.thetaneurotech.com/,Seed VC then hospital pilot contracts,estimated,medium,web_verify_2026_05
auto_rhode_island_biomedical_detecting_electrical_electrode_locali,"Besio — epilepsy electrodes, tripolar stimulation & sensors",besio_neuro_device,3,startup,Precisis (EASEE),FDA_Breakthrough,Epicranial focal stimulation; multi-electrode; tripolar-adjacent,https://www.precisis.com/,CE marketed → US Breakthrough → pivotal,EU VC + strategic; US IDE path,Epilepsy surgery + neurostimulation,,,,,,Medtech venture → reimbursement,suggested,medium,web_search_2026_03
auto_rhode_island_biomedical_detecting_electrical_electrode_locali,"Besio — epilepsy electrodes, tripolar stimulation & sensors",besio_neuro_device,4,startup,UNEEG Medical,commercial,Subcutaneous long-term EEG (minimally invasive monitoring),https://www.uneeg.com/,510(k)/CE; hospital adoption,Growth equity; EU/US subsidiaries,Epilepsy centers; neurology,,,,,,Medtech sales + outcomes data,suggested,medium,web_search_2026_03
auto_rhode_island_connective_evaluate_pipeline_reinjury_risk_tissu,MRI pipeline — connective tissue reinjury risk,,1,startup,OrthoPred (DeepKnee),clinical_validation,Autonomous knee MRI interpretation,https://orthopred.com/,CE/FDA software as medical device,Seed/Series A imaging AI,Orthopedics + radiology,,,,,,SaMD + PACS integration,suggested,medium,web_search_2026_03
auto_rhode_island_connective_evaluate_pipeline_reinjury_risk_tissu,MRI pipeline — connective tissue reinjury risk,,2,startup,AIKESO,early,3D joint reconstruction; surgical planning,https://aikeso.com/,Clinical pilots → FDA,Seed (Switzerland),Orthopedic surgery,,,,,,EU seed → US expansion,suggested,medium,web_search_2026_03
auto_rhode_island_connective_evaluate_pipeline_reinjury_risk_tissu,MRI pipeline — connective tissue reinjury risk,,3,research,LigaNET (ACL reinjury prediction),research,Multi-modal MRI reinjury model,https://www.medrxiv.org/content/10.1101/2023.07.25.23293102v1,Academic validation → spinout,NIH → seed,Orthopedics + radiology,,,,,,License to SaMD company,suggested,medium,web_search_2026_03
auto_rhode_island_detection_large_occlusion_prediction_vessel,LVO detection and treatment prediction,,1,startup,Viz.ai,growth,LVO triage + care coordination,https://www.viz.ai/,Health-system SaaS scale,~$289M raised; $1.2B valuation at Series D (Apr 2022),Stroke neurology + radiology,289250000,100000000,1200000000,post_money_valuation,https://www.viz.ai/news/viz-ai-raises-100-million-in-series-d-funding,Enterprise stroke networks,verified,high,web_verify_2026_05
auto_rhode_island_detection_large_occlusion_prediction_vessel,LVO detection and treatment prediction,,2,startup,RapidAI,growth,LVO + perfusion AI,https://www.rapidai.com/,FDA cleared → hospital contracts,~$100M total; $75M Series C (Jul 2023),Neuro IR + neurology,100000000,75000000,100000000,total_raised,https://www.rapidai.com/press-release/rapid-announces-investment-led-by-vista-credit-partners,Per-study or SaaS pricing,verified,high,web_verify_2026_05
auto_rhodes_technologies_compounds_novel_opioid_thereof,Rhodes Tech — novel opioid compounds,ri_pharma_chemistry,1,ri_operating,Rhodes Technologies,operating,RI-based API/opioid manufacturing,https://www.rhodestech.com/,Process validation → commercial supply,Operating cash flow + SSBCI/capex,CMC + regulatory affairs,,,,,,Slater SSBCI + bank; not classic VC,suggested,medium,web_search_2026_03
auto_rhodes_technologies_compounds_novel_opioid_thereof,Rhodes Tech — novel opioid compounds,ri_pharma_chemistry,2,ri_operating,Noramco,operating,Controlled-substance synthesis RI,https://www.noramco.com/,CMC scale-up,Private operating company,Process chemistry + QA,,,,,,Capex expansion financing,suggested,medium,web_search_2026_03
auto_rhodes_technologies_compounds_novel_opioid_thereof,Rhodes Tech — novel opioid compounds,ri_pharma_chemistry,3,public,Collegium Pharmaceutical,public,Opioid reformulation commercial model,https://www.collegiumpharma.com/,FDA approvals → commercialization,Public (NASDAQ COLL); ~$1.2B market cap; pain/opioid reformulation model,Pain medicine commercial,1180000000,,1180000000,market_cap,https://finance.yahoo.com/quote/COLL/,Public markets,verified,high,web_verify_2026_05
auto_rhodes_technologies_improved_oxycodone_synthesis,Rhodes Tech — improved oxycodone synthesis,ri_pharma_chemistry,1,ri_operating,Rhodes Technologies,operating,RI-based API/opioid manufacturing,https://www.rhodestech.com/,Process validation → commercial supply,Operating cash flow + SSBCI/capex,CMC + regulatory affairs,,,,,,Slater SSBCI + bank; not classic VC,suggested,medium,web_search_2026_03
auto_rhodes_technologies_improved_oxycodone_synthesis,Rhodes Tech — improved oxycodone synthesis,ri_pharma_chemistry,2,ri_operating,Noramco,operating,Controlled-substance synthesis RI,https://www.noramco.com/,CMC scale-up,Private operating company,Process chemistry + QA,,,,,,Capex expansion financing,suggested,medium,web_search_2026_03
auto_rhodes_technologies_improved_oxycodone_synthesis,Rhodes Tech — improved oxycodone synthesis,ri_pharma_chemistry,3,public,Collegium Pharmaceutical,public,Opioid reformulation commercial model,https://www.collegiumpharma.com/,FDA approvals → commercialization,Public (NASDAQ COLL); ~$1.2B market cap; pain/opioid reformulation model,Pain medicine commercial,1180000000,,1180000000,market_cap,https://finance.yahoo.com/quote/COLL/,Public markets,verified,high,web_verify_2026_05
auto_united_states_communication_facilitating_individuals_speak_spe,Speech-based communication assistive system,,1,startup,Pison,growth,Neural sensing + assistive communication,https://pison.com/,Consumer/wearable → clinical,Venture,Neurology + assistive tech,,,,,,VC + strategic,suggested,medium,web_search_2026_03
auto_united_states_communication_facilitating_individuals_speak_spe,Speech-based communication assistive system,,2,startup,Neuralink (speech/BCI),clinical_trial,High-bandwidth BCI including speech goals,https://neuralink.com/,IDE clinical trials,$1B+ private,Neurosurgery,1000000000,,1000000000,total_raised,,Late-stage private,suggested,medium,web_search_2026_03
auto_university_rhode_biomedical_brassylate_copolymers_dioxanone_ethyl,URI — absorbable copolymer (PEBD),,1,startup,Tepha (resorbable polymers),commercial,Absorbable biomaterials for devices,https://www.tephainc.com/,510(k) device components,Growth/medtech,Orthopedics + plastics surgery,,,,,,B2B materials + devices,suggested,medium,web_search_2026_03
auto_university_rhode_biomedical_brassylate_copolymers_dioxanone_ethyl,URI — absorbable copolymer (PEBD),,2,incumbent,Evonik RESOMER,commercial,Absorbable polymer supply,https://medical.evonik.com/,Supplier partnership,Strategic,Device engineering,,,,,,License materials,suggested,medium,web_search_2026_03
cbt_pain_digital_platform_ri,Petzchner — SOMA Pain Management (digital CBT),petzchner_digital,1,startup,Kaia Health,acquired_2026,Digital MSK/pain; multimodal CBT + motion coach,https://dtxalliance.org/products/kaia-health/,RCT → payer contracts,Acquired by Sword Health for $285M (Jan 2026),Pain medicine + PT + behavioral,,,285000000,acquisition,https://swordhealth.com/newsroom/sword-acquires-kaia-health,B2B employer/payer,verified,high,web_verify_2026_05
cbt_pain_digital_platform_ri,Petzchner — SOMA Pain Management (digital CBT),petzchner_digital,2,startup,Hinge Health,late_private,Virtual MSK; digital pain programs,https://www.hingehealth.com/,Outcomes studies → enterprise sales,~$1.05B pre-IPO VC + $437M IPO (May 2025),PT-led care teams,1487000000,437300000,1487000000,total_raised,https://sacra.com/c/hinge-health/,Growth equity → payer ROI,verified,high,web_verify_2026_05
cbt_pain_digital_platform_ri,Petzchner — SOMA Pain Management (digital CBT),petzchner_digital,3,startup,Sword Health,late_private,AI MSK care; acquired Kaia 2026,https://swordhealth.com,Scale digital pain/MSK,>$500M raised; ~$4B valuation (2025); acquired Kaia for $285M (Jan 2026),Clinical ops + AI,540000000,,4000000000,post_money_valuation,https://swordhealth.com/newsroom/sword-acquires-kaia-health,Enterprise B2B,verified,high,web_verify_2026_05
monaghan_sepsis_diagnostic_ri,Monaghan — deep RNA host-response diagnostic,monaghan_rna_dx,1,startup,Inflammatix (TriVerity),FDA_cleared_2025,Host mRNA sepsis/infection; ED workflow,https://www.inflammatix.com/,510(k) → health-system adoption,>$200M private + >$50M grants; $57M Series E (Sep 2024),Critical care + ED + lab medicine,200000000,57000000,200000000,total_raised,https://inflammatix.com/inflammatix-secures-57-million-to-advance-novel-diagnostic-for-patients-with-suspected-infections-or-sepsis/,Dx VC → hospital contracts,verified,high,web_verify_2026_05
monaghan_sepsis_diagnostic_ri,Monaghan — deep RNA host-response diagnostic,monaghan_rna_dx,2,startup,Immunexpress (SeptiCyte),FDA_cleared,Host RNA sepsis; PCR on Idylla — CB Insights / company profile ~$46.88M total.,https://immunexpress.com/products/,CLIA/LDT → ICU adoption,~$46.9M total raised; FDA-cleared SeptiCyte RAPID on Biocartis Idylla,ICU + infectious disease,46880000,,46880000,total_raised,https://www.prnewswire.com/news-releases/immunexpress-announces-closing-of-private-funding-round-300930242.html,Instrument partnership + test menu,verified,high,tier_a_web_review
monaghan_sepsis_diagnostic_ri,Monaghan — deep RNA host-response diagnostic,monaghan_rna_dx,3,startup,Presymptom Health (InfectiClear),seed,Host RNA infection; up to 3 days before clinical dx — £1.5M round Mar 2024; USD anchor uses ~$1.9M for £1.5M component.,https://www.presymptomhealth.fuel4vision.co.za/,Validation → NHS pilot → scale,£1.5M follow-on seed+grants (Mar 2024); UKI2S reports ~£3.2M total capital,Critical care PI; AMR stewardship,3200000,1900000,1900000,total_raised,https://ploughshare.co.uk/mod-spin-out-presymptom-health-raises-1-5m-to-develop-ai-driven-sepsis-and-infection-tests-for-the-nhs/,Grant + seed → health-system pilots,verified,high,tier_a_web_review
nanode_ri,NanoDe — Nanopieces / Janus nucleotide delivery,janus_delivery,1,startup,Eascra Biotech (Janus base nanoparticles),SBIR_seed,Janus nucleotide delivery; UConn spinout,https://eascrabiotech.com/,SBIR → animal POC → Series A,SBIR/seed stage (UConn spinout); early platform,Drug delivery + oncology/cartilage,500000,100000,500000,total_raised,https://eascrabiotech.com/,SBIR → seed syndicate,estimated,medium,web_verify_2026_05
nanode_ri,NanoDe — Nanopieces / Janus nucleotide delivery,janus_delivery,2,public,Ionis Pharmaceuticals,public,Oligonucleotide platform — Platform comp for nucleic acid therapeutics.,https://www.ionis.com/,Platform → indication spinouts,Public NASDAQ IONS; ~$12.6B market cap May 2026,Clinical pharmacology + neurology,,,12640000000,market_cap,https://www.macrotrends.net/stocks/charts/IONS/ionis-pharmaceuticals/market-cap,Pharma partnerships,verified,high,tier_a_web_review
nanode_ri,NanoDe — Nanopieces / Janus nucleotide delivery,janus_delivery,3,public,Alnylam Pharmaceuticals,public,RNAi delivery platform — RNAi platform delivery comp.,https://www.alnylam.com/,Rare disease → broader pipeline,Public NASDAQ ALNY; ~$38.9B market cap May 2026,Specialty pharma development,,,38920000000,market_cap,https://stockanalysis.com/stocks/alny/statistics/,Platform partnerships,verified,high,tier_a_web_review
phlip_therapeutics_ri,pHLIP Inc — imaging and pH-targeted delivery,phlip_imaging,1,ri_operating,pHLIP Inc,clinical_validation,URI/Yale pHLIP spinout; Reshetnyak/Engelman fluorophore and delivery IP — No disclosed venture round anchor; RI spinout since 2015; clinical validation stage.,https://phlipinc.com/,Preclinical → IND → fluorescence-guided surgery pilot,Yale University + Pacific Partners investors; URI/Yale/MSK licenses,Interventional radiology + surgical oncology + pathology,,,,,https://web.uri.edu/research-admin/university-of-rhode-island-professors-yana-reshetnyak-and-oleg-andreev-transferring-technology-to-the-market/,Grant → seed syndicate → strategic pharma,estimated,medium,web_search_2026_03
phlip_therapeutics_ri,pHLIP Inc — imaging and pH-targeted delivery,phlip_imaging,2,startup,On Target Laboratories (Cytalux),FDA_approved,FDA-approved pafolacianine for fluorescence-guided lung cancer surgery — FDA-approved pafolacianine; Series C $30M Nov 2023.,https://www.ontargetlaboratories.com/,IND → pivotal → FDA approval → hospital adoption,$116.5M total raised; $30M Series C Nov 2023 for CYTALUX commercialization,Surgical oncology + IR + pathology,116500000,30000000,116500000,total_raised,https://www.prnewswire.com/news-releases/on-target-laboratories-secures-30-million-for-commercialization-of-cytalux-pafolacianine-injection-301989832.html,Dx/imaging VC → hospital contracts,verified,high,tier_a_web_review
phlip_therapeutics_ri,pHLIP Inc — imaging and pH-targeted delivery,phlip_imaging,3,startup,Cybrexa (alphalex),clinical,pHLIP-derived peptide-drug conjugates; possible Yale/URI license path — Crunchbase-style total ~$44.4M disclosed equity.,https://www.cybrexa.com/,Clinical-stage oncology PDC → partnership,$6M seed (2017) + $25M Series B (Mar 2021); alphalex PDC platform; URI-origin pHLIP,Surgical oncology + medical oncology,44400000,25000000,44400000,total_raised,https://www.globenewswire.com/news-release/2021/03/10/2190275/0/en/Cybrexa-Therapeutics-Closes-25-Million-Series-B-Financing.html,Clinical VC → pharma partnership,verified,high,tier_a_web_review
phlip_therapeutics_ri,pHLIP Inc — imaging and pH-targeted delivery,phlip_imaging,4,incumbent,Indocyanine green (ICG),commercial,Incumbent NIR fluorescence imaging agent in surgery,https://www.fda.gov/,Established surgical fluorescence standard,Generic pharmaceutical supply,Surgical oncology + IR,,,,,,Incumbent comparison / differentiation,suggested,medium,web_search_2026_03
theromics_ri,Theromics — albumin thermal accelerant (HeatSYNC),theromics_ablation,1,ri_operating,Theromics Inc,STTR_510k_path,RI Hospital/Brown origin; HeatSYNC thermal accelerant gel — NSF $1M STTR Phase II for HeatSYNC; Brown/RI Hospital spinout.,https://www.theromicsinc.com/,GLP → 510(k) adjunct to RF/MW ablation,NSF STTR Phase II $1M (Mar 2024); prior Phase I; MassVentures START grant,IR + surgical oncology + Dupuy/Park,,,1000000,grant,https://www.prnewswire.com/news-releases/theromics-inc-receives-national-science-foundation-grant-for-innovative-ablation-therapy-technology-302086925.html,Grant → seed → strategic device partner,verified,high,tier_a_web_review
theromics_ri,Theromics — albumin thermal accelerant (HeatSYNC),theromics_ablation,2,public,Profound Medical (TULSA-PRO),commercial,MRI-guided thermal ablation platform,https://profoundmedical.com/,Pivotal trials → commercial prostate ablation,Public (NASDAQ PROF); ~$253M market cap (May 2026),Urology/IR; med physics,253000000,,253000000,market_cap,https://stockanalysis.com/stocks/prof/,Public markets + procedure reimbursement,verified,high,web_verify_2026_05
theromics_ri,Theromics — albumin thermal accelerant (HeatSYNC),theromics_ablation,3,incumbent,Neuwave (Ethicon/J&J),commercial,Microwave ablation incumbent; channel for adjunct gel,https://www.ethicon.com,Market access via device OEM partnership,Strategic partnership vs standalone VC,Interventional radiology + oncology,,,,,,Licensing/co-development with ablation OEM,suggested,medium,web_search_2026_03
