queue_index,case_id,title_clean,precedent_rank,precedent_name,validation_status,value_anchor_usd,value_source_url,needs_review,review_reason,precedent_url,primary_link_1,primary_link_2,primary_link_3,search_funding,search_acquisition,search_market_cap,search_press_release
1,auto_brown_university_annulus_biocompatible_brain_catheter_coupled_ele,Brain electrode annulus + catheter system,1,Boston Scientific Vercise,suggested,,,true,status_suggested,https://www.bostonscientific.com/,https://www.bostonscientific.com/,https://www.sec.gov/edgar/search/#/q=Boston%20Scientific%20Vercise,https://www.prnewswire.com/news/boston-scientific-corporation/,https://www.google.com/search?q=Boston%20Scientific%20Vercise%20funding%20round%20total%20raised%202024%202025%202026,https://www.google.com/search?q=Boston%20Scientific%20Vercise%20acquisition%20price%20deal%202024%202025%202026,https://www.google.com/search?q=Boston%20Scientific%20Vercise%20market%20cap%20NASDAQ%202026,https://www.google.com/search?q=Boston%20Scientific%20Vercise%20%28site%3Aprnewswire.com%20OR%20site%3Abusinesswire.com%20OR%20site%3Asec.gov%29%20funding%20OR%20acquisition%20OR%20market%20cap%202024%202025%202026
2,auto_brown_university_annulus_biocompatible_brain_catheter_coupled_ele,Brain electrode annulus + catheter system,2,Medtronic SenSight leads,suggested,,,true,status_suggested,https://www.medtronic.com/,https://www.medtronic.com/,https://www.sec.gov/edgar/search/#/q=Medtronic%20SenSight%20leads,,https://www.google.com/search?q=Medtronic%20SenSight%20leads%20funding%20round%20total%20raised%202024%202025%202026,https://www.google.com/search?q=Medtronic%20SenSight%20leads%20acquisition%20price%20deal%202024%202025%202026,https://www.google.com/search?q=Medtronic%20SenSight%20leads%20market%20cap%20NASDAQ%202026,https://www.google.com/search?q=Medtronic%20SenSight%20leads%20%28site%3Aprnewswire.com%20OR%20site%3Abusinesswire.com%20OR%20site%3Asec.gov%29%20funding%20OR%20acquisition%20OR%20market%20cap%202024%202025%202026
3,auto_brown_university_anti_antibody_bispecific_chi3l1_reagents_relatin,CHI3L1 — bispecific antibody platform,1,Ocean Biomedical (CHI3L1 / Elias),suggested,,,true,status_suggested,https://www.globenewswire.com/news-release/2023/05/23/2674264/0/en/Ocean-Biomedical-Inc-NASDAQ-OCEA-Announces-Patent-Award-for-Novel-Cancer-Immunotherapy-Treatment-Granted-for-Prostate-Cancer-Colon-Cancer-Ovarian-Cancer-Kidney-Cancer-Breast-Cancer.html,https://www.globenewswire.com/news-release/2023/05/23/2674264/0/en/Ocean-Biomedical-Inc-NASDAQ-OCEA-Announces-Patent-Award-for-Novel-Cancer-Immunotherapy-Treatment-Granted-for-Prostate-Cancer-Colon-Cancer-Ovarian-Cancer-Kidney-Cancer-Breast-Cancer.html,https://www.sec.gov/edgar/search/#/q=Ocean%20Biomedical,https://stockanalysis.com/quote/otc/OCEA/market-cap/,https://www.google.com/search?q=Ocean%20Biomedical%20funding%20round%20total%20raised%202024%202025%202026,https://www.google.com/search?q=Ocean%20Biomedical%20acquisition%20price%20deal%202024%202025%202026,https://www.google.com/search?q=Ocean%20Biomedical%20market%20cap%20NASDAQ%202026,https://www.google.com/search?q=Ocean%20Biomedical%20%28site%3Aprnewswire.com%20OR%20site%3Abusinesswire.com%20OR%20site%3Asec.gov%29%20funding%20OR%20acquisition%20OR%20market%20cap%202024%202025%202026
4,auto_brown_university_anti_antibody_bispecific_chi3l1_reagents_relatin,CHI3L1 — bispecific antibody platform,2,Brown / RI Hospital CHI3L1 program (Elias),suggested,,,true,status_suggested,https://www.sec.gov/Archives/edgar/data/1869974/000149315223010129/form10-k.htm,https://www.sec.gov/Archives/edgar/data/1869974/000149315223010129/form10-k.htm,,,https://www.google.com/search?q=Brown%20/%20RI%20Hospital%20CHI3L1%20program%20funding%20round%20total%20raised%202024%202025%202026,https://www.google.com/search?q=Brown%20/%20RI%20Hospital%20CHI3L1%20program%20acquisition%20price%20deal%202024%202025%202026,https://www.google.com/search?q=Brown%20/%20RI%20Hospital%20CHI3L1%20program%20market%20cap%20NASDAQ%202026,https://www.google.com/search?q=Brown%20/%20RI%20Hospital%20CHI3L1%20program%20%28site%3Aprnewswire.com%20OR%20site%3Abusinesswire.com%20OR%20site%3Asec.gov%29%20funding%20OR%20acquisition%20OR%20market%20cap%202024%202025%202026
5,auto_brown_university_biomedical_biosensor_diagnostics_large_networks,Nurmikko — wireless biosensor networks,1,Biowear,suggested,,,true,status_suggested,https://www.biowear.net/,https://www.biowear.net/,https://www.sec.gov/edgar/search/#/q=Biowear,,https://www.google.com/search?q=Biowear%20funding%20round%20total%20raised%202024%202025%202026,https://www.google.com/search?q=Biowear%20acquisition%20price%20deal%202024%202025%202026,https://www.google.com/search?q=Biowear%20market%20cap%20NASDAQ%202026,https://www.google.com/search?q=Biowear%20%28site%3Aprnewswire.com%20OR%20site%3Abusinesswire.com%20OR%20site%3Asec.gov%29%20funding%20OR%20acquisition%20OR%20market%20cap%202024%202025%202026
6,auto_brown_university_biomedical_biosensor_diagnostics_large_networks,Nurmikko — wireless biosensor networks,2,Senphonix (SleeveSense),suggested,,,true,status_suggested,https://senphonix.com/solution,https://senphonix.com/solution,https://www.sec.gov/edgar/search/#/q=Senphonix,,https://www.google.com/search?q=Senphonix%20funding%20round%20total%20raised%202024%202025%202026,https://www.google.com/search?q=Senphonix%20acquisition%20price%20deal%202024%202025%202026,https://www.google.com/search?q=Senphonix%20market%20cap%20NASDAQ%202026,https://www.google.com/search?q=Senphonix%20%28site%3Aprnewswire.com%20OR%20site%3Abusinesswire.com%20OR%20site%3Asec.gov%29%20funding%20OR%20acquisition%20OR%20market%20cap%202024%202025%202026
7,auto_brown_university_biomedical_biosensor_diagnostics_large_networks,Nurmikko — wireless biosensor networks,3,AOKNOS,suggested,,,true,status_suggested,https://aoknos.com/,https://aoknos.com/,https://www.sec.gov/edgar/search/#/q=AOKNOS,,https://www.google.com/search?q=AOKNOS%20funding%20round%20total%20raised%202024%202025%202026,https://www.google.com/search?q=AOKNOS%20acquisition%20price%20deal%202024%202025%202026,https://www.google.com/search?q=AOKNOS%20market%20cap%20NASDAQ%202026,https://www.google.com/search?q=AOKNOS%20%28site%3Aprnewswire.com%20OR%20site%3Abusinesswire.com%20OR%20site%3Asec.gov%29%20funding%20OR%20acquisition%20OR%20market%20cap%202024%202025%202026
8,auto_brown_university_drug_overdose,Brown — drug overdose therapeutics,2,Harm Reduction Therapeutics,suggested,,,true,status_suggested,https://www.harmreductiontherapeutics.org/,https://www.harmreductiontherapeutics.org/,https://www.sec.gov/edgar/search/#/q=Harm%20Reduction%20Therapeutics,,https://www.google.com/search?q=Harm%20Reduction%20Therapeutics%20funding%20round%20total%20raised%202024%202025%202026,https://www.google.com/search?q=Harm%20Reduction%20Therapeutics%20acquisition%20price%20deal%202024%202025%202026,https://www.google.com/search?q=Harm%20Reduction%20Therapeutics%20market%20cap%20NASDAQ%202026,https://www.google.com/search?q=Harm%20Reduction%20Therapeutics%20%28site%3Aprnewswire.com%20OR%20site%3Abusinesswire.com%20OR%20site%3Asec.gov%29%20funding%20OR%20acquisition%20OR%20market%20cap%202024%202025%202026
9,auto_brown_university_implantable_neural_wireless,Nurmikko — implantable wireless neural device,3,Blackrock Neurotech,suggested,,,true,status_suggested,https://www.blackrockneuro.com/,https://www.blackrockneuro.com/,https://www.sec.gov/edgar/search/#/q=Blackrock%20Neurotech,,https://www.google.com/search?q=Blackrock%20Neurotech%20funding%20round%20total%20raised%202024%202025%202026,https://www.google.com/search?q=Blackrock%20Neurotech%20acquisition%20price%20deal%202024%202025%202026,https://www.google.com/search?q=Blackrock%20Neurotech%20market%20cap%20NASDAQ%202026,https://www.google.com/search?q=Blackrock%20Neurotech%20%28site%3Aprnewswire.com%20OR%20site%3Abusinesswire.com%20OR%20site%3Asec.gov%29%20funding%20OR%20acquisition%20OR%20market%20cap%202024%202025%202026
10,auto_noramco_2020_hydrochloride_methylphenidate_synthesis_temperat,Noramco — methylphenidate synthesis,1,Rhodes Technologies,suggested,,,true,status_suggested,https://www.rhodestech.com/,https://www.rhodestech.com/,,,https://www.google.com/search?q=Rhodes%20Technologies%20funding%20round%20total%20raised%202024%202025%202026,https://www.google.com/search?q=Rhodes%20Technologies%20acquisition%20price%20deal%202024%202025%202026,https://www.google.com/search?q=Rhodes%20Technologies%20market%20cap%20NASDAQ%202026,https://www.google.com/search?q=Rhodes%20Technologies%20%28site%3Aprnewswire.com%20OR%20site%3Abusinesswire.com%20OR%20site%3Asec.gov%29%20funding%20OR%20acquisition%20OR%20market%20cap%202024%202025%202026
11,auto_noramco_2020_hydrochloride_methylphenidate_synthesis_temperat,Noramco — methylphenidate synthesis,2,Noramco,suggested,,,true,status_suggested,https://www.noramco.com/,https://www.noramco.com/,,,https://www.google.com/search?q=Noramco%20funding%20round%20total%20raised%202024%202025%202026,https://www.google.com/search?q=Noramco%20acquisition%20price%20deal%202024%202025%202026,https://www.google.com/search?q=Noramco%20market%20cap%20NASDAQ%202026,https://www.google.com/search?q=Noramco%20%28site%3Aprnewswire.com%20OR%20site%3Abusinesswire.com%20OR%20site%3Asec.gov%29%20funding%20OR%20acquisition%20OR%20market%20cap%202024%202025%202026
12,auto_regents_university_anti_compounds_inflammatory_inhibition_making_qu,URI — marine anti-inflammatory / quorum sensing,1,URI marine natural product program,suggested,,,true,status_suggested,https://web.uri.edu/pharmacy/,https://web.uri.edu/pharmacy/,,,https://www.google.com/search?q=URI%20marine%20natural%20product%20program%20funding%20round%20total%20raised%202024%202025%202026,https://www.google.com/search?q=URI%20marine%20natural%20product%20program%20acquisition%20price%20deal%202024%202025%202026,https://www.google.com/search?q=URI%20marine%20natural%20product%20program%20market%20cap%20NASDAQ%202026,https://www.google.com/search?q=URI%20marine%20natural%20product%20program%20%28site%3Aprnewswire.com%20OR%20site%3Abusinesswire.com%20OR%20site%3Asec.gov%29%20funding%20OR%20acquisition%20OR%20market%20cap%202024%202025%202026
13,auto_rhode_island_alloy_array_brain_cord_electrode_invasive_memory,Shape-memory electrode array (spine/brain),1,Boston Scientific Vercise,suggested,,,true,status_suggested,https://www.bostonscientific.com/,https://www.bostonscientific.com/,https://www.sec.gov/edgar/search/#/q=Boston%20Scientific%20Vercise,,https://www.google.com/search?q=Boston%20Scientific%20Vercise%20funding%20round%20total%20raised%202024%202025%202026,https://www.google.com/search?q=Boston%20Scientific%20Vercise%20acquisition%20price%20deal%202024%202025%202026,https://www.google.com/search?q=Boston%20Scientific%20Vercise%20market%20cap%20NASDAQ%202026,https://www.google.com/search?q=Boston%20Scientific%20Vercise%20%28site%3Aprnewswire.com%20OR%20site%3Abusinesswire.com%20OR%20site%3Asec.gov%29%20funding%20OR%20acquisition%20OR%20market%20cap%202024%202025%202026
14,auto_rhode_island_alloy_array_brain_cord_electrode_invasive_memory,Shape-memory electrode array (spine/brain),2,Medtronic SenSight leads,suggested,,,true,status_suggested,https://www.medtronic.com/,https://www.medtronic.com/,https://www.sec.gov/edgar/search/#/q=Medtronic%20SenSight%20leads,,https://www.google.com/search?q=Medtronic%20SenSight%20leads%20funding%20round%20total%20raised%202024%202025%202026,https://www.google.com/search?q=Medtronic%20SenSight%20leads%20acquisition%20price%20deal%202024%202025%202026,https://www.google.com/search?q=Medtronic%20SenSight%20leads%20market%20cap%20NASDAQ%202026,https://www.google.com/search?q=Medtronic%20SenSight%20leads%20%28site%3Aprnewswire.com%20OR%20site%3Abusinesswire.com%20OR%20site%3Asec.gov%29%20funding%20OR%20acquisition%20OR%20market%20cap%202024%202025%202026
15,auto_rhode_island_anterior_cruciate_invasive_ligament_measurement,ACL post-surgery outcome prediction (MRI),1,OrthoPred (DeepKnee),suggested,,,true,status_suggested,https://orthopred.com/,https://orthopred.com/,https://www.sec.gov/edgar/search/#/q=OrthoPred,,https://www.google.com/search?q=OrthoPred%20funding%20round%20total%20raised%202024%202025%202026,https://www.google.com/search?q=OrthoPred%20acquisition%20price%20deal%202024%202025%202026,https://www.google.com/search?q=OrthoPred%20market%20cap%20NASDAQ%202026,https://www.google.com/search?q=OrthoPred%20%28site%3Aprnewswire.com%20OR%20site%3Abusinesswire.com%20OR%20site%3Asec.gov%29%20funding%20OR%20acquisition%20OR%20market%20cap%202024%202025%202026
16,auto_rhode_island_anterior_cruciate_invasive_ligament_measurement,ACL post-surgery outcome prediction (MRI),2,AIKESO,suggested,,,true,status_suggested,https://aikeso.com/,https://aikeso.com/,https://www.sec.gov/edgar/search/#/q=AIKESO,,https://www.google.com/search?q=AIKESO%20funding%20round%20total%20raised%202024%202025%202026,https://www.google.com/search?q=AIKESO%20acquisition%20price%20deal%202024%202025%202026,https://www.google.com/search?q=AIKESO%20market%20cap%20NASDAQ%202026,https://www.google.com/search?q=AIKESO%20%28site%3Aprnewswire.com%20OR%20site%3Abusinesswire.com%20OR%20site%3Asec.gov%29%20funding%20OR%20acquisition%20OR%20market%20cap%202024%202025%202026
17,auto_rhode_island_anterior_cruciate_invasive_ligament_measurement,ACL post-surgery outcome prediction (MRI),3,LigaNET (ACL reinjury prediction),suggested,,,true,status_suggested,https://www.medrxiv.org/content/10.1101/2023.07.25.23293102v1,https://www.medrxiv.org/content/10.1101/2023.07.25.23293102v1,,,https://www.google.com/search?q=LigaNET%20funding%20round%20total%20raised%202024%202025%202026,https://www.google.com/search?q=LigaNET%20acquisition%20price%20deal%202024%202025%202026,https://www.google.com/search?q=LigaNET%20market%20cap%20NASDAQ%202026,https://www.google.com/search?q=LigaNET%20%28site%3Aprnewswire.com%20OR%20site%3Abusinesswire.com%20OR%20site%3Asec.gov%29%20funding%20OR%20acquisition%20OR%20market%20cap%202024%202025%202026
18,auto_rhode_island_antibacterial_antibiofilm_auranofin_catheter_coa,Auranofin antibiofilm catheter coating,1,Brown/RI Hospital auranofin catheter (published),suggested,,,true,status_suggested,https://engineering.brown.edu/news/2019-03-07/germ-fighting-catheter-coating-may-help-prevent-infections,https://engineering.brown.edu/news/2019-03-07/germ-fighting-catheter-coating-may-help-prevent-infections,,,https://www.google.com/search?q=Brown/RI%20Hospital%20auranofin%20catheter%20funding%20round%20total%20raised%202024%202025%202026,https://www.google.com/search?q=Brown/RI%20Hospital%20auranofin%20catheter%20acquisition%20price%20deal%202024%202025%202026,https://www.google.com/search?q=Brown/RI%20Hospital%20auranofin%20catheter%20market%20cap%20NASDAQ%202026,https://www.google.com/search?q=Brown/RI%20Hospital%20auranofin%20catheter%20%28site%3Aprnewswire.com%20OR%20site%3Abusinesswire.com%20OR%20site%3Asec.gov%29%20funding%20OR%20acquisition%20OR%20market%20cap%202024%202025%202026
19,auto_rhode_island_antibacterial_antibiofilm_auranofin_catheter_coa,Auranofin antibiofilm catheter coating,3,Frontiers publication (auranofin PU coating),suggested,,,true,status_suggested,https://www.frontiersin.org/journals/cellular-and-infection-microbiology/articles/10.3389/fcimb.2019.00037/full,https://www.frontiersin.org/journals/cellular-and-infection-microbiology/articles/10.3389/fcimb.2019.00037/full,,,https://www.google.com/search?q=Frontiers%20publication%20funding%20round%20total%20raised%202024%202025%202026,https://www.google.com/search?q=Frontiers%20publication%20acquisition%20price%20deal%202024%202025%202026,https://www.google.com/search?q=Frontiers%20publication%20market%20cap%20NASDAQ%202026,https://www.google.com/search?q=Frontiers%20publication%20%28site%3Aprnewswire.com%20OR%20site%3Abusinesswire.com%20OR%20site%3Asec.gov%29%20funding%20OR%20acquisition%20OR%20market%20cap%202024%202025%202026
20,auto_rhode_island_behavioral_biomarkers_brain_closed_deep_features,Closed-loop DBS with neural/behavioral biomarkers,1,Medtronic Percept (BrainSense),suggested,,,true,status_suggested,https://www.medtronic.com/en-us/healthcare-professionals/specialties/neurology/therapies-procedures/deep-brain-stimulation/product-portfolio/percept-family.html,https://www.medtronic.com/en-us/healthcare-professionals/specialties/neurology/therapies-procedures/deep-brain-stimulation/product-portfolio/percept-family.html,https://www.sec.gov/edgar/search/#/q=Medtronic%20Percept,,https://www.google.com/search?q=Medtronic%20Percept%20funding%20round%20total%20raised%202024%202025%202026,https://www.google.com/search?q=Medtronic%20Percept%20acquisition%20price%20deal%202024%202025%202026,https://www.google.com/search?q=Medtronic%20Percept%20market%20cap%20NASDAQ%202026,https://www.google.com/search?q=Medtronic%20Percept%20%28site%3Aprnewswire.com%20OR%20site%3Abusinesswire.com%20OR%20site%3Asec.gov%29%20funding%20OR%20acquisition%20OR%20market%20cap%202024%202025%202026
21,auto_rhode_island_behavioral_biomarkers_brain_closed_deep_features,Closed-loop DBS with neural/behavioral biomarkers,3,Newronika (AlphaDBS),suggested,,,true,status_suggested,https://pmc.ncbi.nlm.nih.gov/articles/PMC11524207/,https://pmc.ncbi.nlm.nih.gov/articles/PMC11524207/,https://www.sec.gov/edgar/search/#/q=Newronika,,https://www.google.com/search?q=Newronika%20funding%20round%20total%20raised%202024%202025%202026,https://www.google.com/search?q=Newronika%20acquisition%20price%20deal%202024%202025%202026,https://www.google.com/search?q=Newronika%20market%20cap%20NASDAQ%202026,https://www.google.com/search?q=Newronika%20%28site%3Aprnewswire.com%20OR%20site%3Abusinesswire.com%20OR%20site%3Asec.gov%29%20funding%20OR%20acquisition%20OR%20market%20cap%202024%202025%202026
22,auto_rhode_island_biomedical_detecting_electrical_electrode_locali,"Besio — epilepsy electrodes, tripolar stimulation & sensors",1,mjn-neuro (EPISERAS / mjn-SERAS),suggested,,,true,status_suggested,https://mjn.cat/en/mjn-seras/,https://mjn.cat/en/mjn-seras/,https://www.sec.gov/edgar/search/#/q=mjn-neuro,,https://www.google.com/search?q=mjn-neuro%20funding%20round%20total%20raised%202024%202025%202026,https://www.google.com/search?q=mjn-neuro%20acquisition%20price%20deal%202024%202025%202026,https://www.google.com/search?q=mjn-neuro%20market%20cap%20NASDAQ%202026,https://www.google.com/search?q=mjn-neuro%20%28site%3Aprnewswire.com%20OR%20site%3Abusinesswire.com%20OR%20site%3Asec.gov%29%20funding%20OR%20acquisition%20OR%20market%20cap%202024%202025%202026
23,auto_rhode_island_biomedical_detecting_electrical_electrode_locali,"Besio — epilepsy electrodes, tripolar stimulation & sensors",2,Theta Neurotech,estimated,2000000,https://www.thetaneurotech.com/,true,status_estimated,https://www.thetaneurotech.com/,https://www.thetaneurotech.com/,https://www.sec.gov/edgar/search/#/q=Theta%20Neurotech,,https://www.google.com/search?q=Theta%20Neurotech%20funding%20round%20total%20raised%202024%202025%202026,https://www.google.com/search?q=Theta%20Neurotech%20acquisition%20price%20deal%202024%202025%202026,https://www.google.com/search?q=Theta%20Neurotech%20market%20cap%20NASDAQ%202026,https://www.google.com/search?q=Theta%20Neurotech%20%28site%3Aprnewswire.com%20OR%20site%3Abusinesswire.com%20OR%20site%3Asec.gov%29%20funding%20OR%20acquisition%20OR%20market%20cap%202024%202025%202026
24,auto_rhode_island_biomedical_detecting_electrical_electrode_locali,"Besio — epilepsy electrodes, tripolar stimulation & sensors",3,Precisis (EASEE),suggested,,,true,status_suggested,https://www.precisis.com/,https://www.precisis.com/,https://www.sec.gov/edgar/search/#/q=Precisis,,https://www.google.com/search?q=Precisis%20funding%20round%20total%20raised%202024%202025%202026,https://www.google.com/search?q=Precisis%20acquisition%20price%20deal%202024%202025%202026,https://www.google.com/search?q=Precisis%20market%20cap%20NASDAQ%202026,https://www.google.com/search?q=Precisis%20%28site%3Aprnewswire.com%20OR%20site%3Abusinesswire.com%20OR%20site%3Asec.gov%29%20funding%20OR%20acquisition%20OR%20market%20cap%202024%202025%202026
25,auto_rhode_island_biomedical_detecting_electrical_electrode_locali,"Besio — epilepsy electrodes, tripolar stimulation & sensors",4,UNEEG Medical,suggested,,,true,status_suggested,https://www.uneeg.com/,https://www.uneeg.com/,https://www.sec.gov/edgar/search/#/q=UNEEG%20Medical,,https://www.google.com/search?q=UNEEG%20Medical%20funding%20round%20total%20raised%202024%202025%202026,https://www.google.com/search?q=UNEEG%20Medical%20acquisition%20price%20deal%202024%202025%202026,https://www.google.com/search?q=UNEEG%20Medical%20market%20cap%20NASDAQ%202026,https://www.google.com/search?q=UNEEG%20Medical%20%28site%3Aprnewswire.com%20OR%20site%3Abusinesswire.com%20OR%20site%3Asec.gov%29%20funding%20OR%20acquisition%20OR%20market%20cap%202024%202025%202026
26,auto_rhode_island_connective_evaluate_pipeline_reinjury_risk_tissu,MRI pipeline — connective tissue reinjury risk,1,OrthoPred (DeepKnee),suggested,,,true,status_suggested,https://orthopred.com/,https://orthopred.com/,https://www.sec.gov/edgar/search/#/q=OrthoPred,,https://www.google.com/search?q=OrthoPred%20funding%20round%20total%20raised%202024%202025%202026,https://www.google.com/search?q=OrthoPred%20acquisition%20price%20deal%202024%202025%202026,https://www.google.com/search?q=OrthoPred%20market%20cap%20NASDAQ%202026,https://www.google.com/search?q=OrthoPred%20%28site%3Aprnewswire.com%20OR%20site%3Abusinesswire.com%20OR%20site%3Asec.gov%29%20funding%20OR%20acquisition%20OR%20market%20cap%202024%202025%202026
27,auto_rhode_island_connective_evaluate_pipeline_reinjury_risk_tissu,MRI pipeline — connective tissue reinjury risk,2,AIKESO,suggested,,,true,status_suggested,https://aikeso.com/,https://aikeso.com/,https://www.sec.gov/edgar/search/#/q=AIKESO,,https://www.google.com/search?q=AIKESO%20funding%20round%20total%20raised%202024%202025%202026,https://www.google.com/search?q=AIKESO%20acquisition%20price%20deal%202024%202025%202026,https://www.google.com/search?q=AIKESO%20market%20cap%20NASDAQ%202026,https://www.google.com/search?q=AIKESO%20%28site%3Aprnewswire.com%20OR%20site%3Abusinesswire.com%20OR%20site%3Asec.gov%29%20funding%20OR%20acquisition%20OR%20market%20cap%202024%202025%202026
28,auto_rhode_island_connective_evaluate_pipeline_reinjury_risk_tissu,MRI pipeline — connective tissue reinjury risk,3,LigaNET (ACL reinjury prediction),suggested,,,true,status_suggested,https://www.medrxiv.org/content/10.1101/2023.07.25.23293102v1,https://www.medrxiv.org/content/10.1101/2023.07.25.23293102v1,,,https://www.google.com/search?q=LigaNET%20funding%20round%20total%20raised%202024%202025%202026,https://www.google.com/search?q=LigaNET%20acquisition%20price%20deal%202024%202025%202026,https://www.google.com/search?q=LigaNET%20market%20cap%20NASDAQ%202026,https://www.google.com/search?q=LigaNET%20%28site%3Aprnewswire.com%20OR%20site%3Abusinesswire.com%20OR%20site%3Asec.gov%29%20funding%20OR%20acquisition%20OR%20market%20cap%202024%202025%202026
29,auto_rhodes_technologies_compounds_novel_opioid_thereof,Rhodes Tech — novel opioid compounds,1,Rhodes Technologies,suggested,,,true,status_suggested,https://www.rhodestech.com/,https://www.rhodestech.com/,,,https://www.google.com/search?q=Rhodes%20Technologies%20funding%20round%20total%20raised%202024%202025%202026,https://www.google.com/search?q=Rhodes%20Technologies%20acquisition%20price%20deal%202024%202025%202026,https://www.google.com/search?q=Rhodes%20Technologies%20market%20cap%20NASDAQ%202026,https://www.google.com/search?q=Rhodes%20Technologies%20%28site%3Aprnewswire.com%20OR%20site%3Abusinesswire.com%20OR%20site%3Asec.gov%29%20funding%20OR%20acquisition%20OR%20market%20cap%202024%202025%202026
30,auto_rhodes_technologies_compounds_novel_opioid_thereof,Rhodes Tech — novel opioid compounds,2,Noramco,suggested,,,true,status_suggested,https://www.noramco.com/,https://www.noramco.com/,,,https://www.google.com/search?q=Noramco%20funding%20round%20total%20raised%202024%202025%202026,https://www.google.com/search?q=Noramco%20acquisition%20price%20deal%202024%202025%202026,https://www.google.com/search?q=Noramco%20market%20cap%20NASDAQ%202026,https://www.google.com/search?q=Noramco%20%28site%3Aprnewswire.com%20OR%20site%3Abusinesswire.com%20OR%20site%3Asec.gov%29%20funding%20OR%20acquisition%20OR%20market%20cap%202024%202025%202026
31,auto_rhodes_technologies_improved_oxycodone_synthesis,Rhodes Tech — improved oxycodone synthesis,1,Rhodes Technologies,suggested,,,true,status_suggested,https://www.rhodestech.com/,https://www.rhodestech.com/,,,https://www.google.com/search?q=Rhodes%20Technologies%20funding%20round%20total%20raised%202024%202025%202026,https://www.google.com/search?q=Rhodes%20Technologies%20acquisition%20price%20deal%202024%202025%202026,https://www.google.com/search?q=Rhodes%20Technologies%20market%20cap%20NASDAQ%202026,https://www.google.com/search?q=Rhodes%20Technologies%20%28site%3Aprnewswire.com%20OR%20site%3Abusinesswire.com%20OR%20site%3Asec.gov%29%20funding%20OR%20acquisition%20OR%20market%20cap%202024%202025%202026
32,auto_rhodes_technologies_improved_oxycodone_synthesis,Rhodes Tech — improved oxycodone synthesis,2,Noramco,suggested,,,true,status_suggested,https://www.noramco.com/,https://www.noramco.com/,,,https://www.google.com/search?q=Noramco%20funding%20round%20total%20raised%202024%202025%202026,https://www.google.com/search?q=Noramco%20acquisition%20price%20deal%202024%202025%202026,https://www.google.com/search?q=Noramco%20market%20cap%20NASDAQ%202026,https://www.google.com/search?q=Noramco%20%28site%3Aprnewswire.com%20OR%20site%3Abusinesswire.com%20OR%20site%3Asec.gov%29%20funding%20OR%20acquisition%20OR%20market%20cap%202024%202025%202026
33,auto_united_states_communication_facilitating_individuals_speak_spe,Speech-based communication assistive system,1,Pison,suggested,,,true,status_suggested,https://pison.com/,https://pison.com/,https://www.sec.gov/edgar/search/#/q=Pison,,https://www.google.com/search?q=Pison%20funding%20round%20total%20raised%202024%202025%202026,https://www.google.com/search?q=Pison%20acquisition%20price%20deal%202024%202025%202026,https://www.google.com/search?q=Pison%20market%20cap%20NASDAQ%202026,https://www.google.com/search?q=Pison%20%28site%3Aprnewswire.com%20OR%20site%3Abusinesswire.com%20OR%20site%3Asec.gov%29%20funding%20OR%20acquisition%20OR%20market%20cap%202024%202025%202026
34,auto_united_states_communication_facilitating_individuals_speak_spe,Speech-based communication assistive system,2,Neuralink (speech/BCI),suggested,1000000000,,true,status_suggested,https://neuralink.com/,https://neuralink.com/,https://www.sec.gov/edgar/search/#/q=Neuralink,,https://www.google.com/search?q=Neuralink%20funding%20round%20total%20raised%202024%202025%202026,https://www.google.com/search?q=Neuralink%20acquisition%20price%20deal%202024%202025%202026,https://www.google.com/search?q=Neuralink%20market%20cap%20NASDAQ%202026,https://www.google.com/search?q=Neuralink%20%28site%3Aprnewswire.com%20OR%20site%3Abusinesswire.com%20OR%20site%3Asec.gov%29%20funding%20OR%20acquisition%20OR%20market%20cap%202024%202025%202026
35,auto_university_rhode_biomedical_brassylate_copolymers_dioxanone_ethyl,URI — absorbable copolymer (PEBD),1,Tepha (resorbable polymers),suggested,,,true,status_suggested,https://www.tephainc.com/,https://www.tephainc.com/,https://www.sec.gov/edgar/search/#/q=Tepha,,https://www.google.com/search?q=Tepha%20funding%20round%20total%20raised%202024%202025%202026,https://www.google.com/search?q=Tepha%20acquisition%20price%20deal%202024%202025%202026,https://www.google.com/search?q=Tepha%20market%20cap%20NASDAQ%202026,https://www.google.com/search?q=Tepha%20%28site%3Aprnewswire.com%20OR%20site%3Abusinesswire.com%20OR%20site%3Asec.gov%29%20funding%20OR%20acquisition%20OR%20market%20cap%202024%202025%202026
36,auto_university_rhode_biomedical_brassylate_copolymers_dioxanone_ethyl,URI — absorbable copolymer (PEBD),2,Evonik RESOMER,suggested,,,true,status_suggested,https://medical.evonik.com/,https://medical.evonik.com/,https://www.sec.gov/edgar/search/#/q=Evonik%20RESOMER,,https://www.google.com/search?q=Evonik%20RESOMER%20funding%20round%20total%20raised%202024%202025%202026,https://www.google.com/search?q=Evonik%20RESOMER%20acquisition%20price%20deal%202024%202025%202026,https://www.google.com/search?q=Evonik%20RESOMER%20market%20cap%20NASDAQ%202026,https://www.google.com/search?q=Evonik%20RESOMER%20%28site%3Aprnewswire.com%20OR%20site%3Abusinesswire.com%20OR%20site%3Asec.gov%29%20funding%20OR%20acquisition%20OR%20market%20cap%202024%202025%202026
37,nanode_ri,NanoDe — Nanopieces / Janus nucleotide delivery,1,Eascra Biotech (Janus base nanoparticles),estimated,500000,https://eascrabiotech.com/,true,status_estimated,https://eascrabiotech.com/,https://eascrabiotech.com/,https://www.sec.gov/edgar/search/#/q=Eascra%20Biotech,,https://www.google.com/search?q=Eascra%20Biotech%20funding%20round%20total%20raised%202024%202025%202026,https://www.google.com/search?q=Eascra%20Biotech%20acquisition%20price%20deal%202024%202025%202026,https://www.google.com/search?q=Eascra%20Biotech%20market%20cap%20NASDAQ%202026,https://www.google.com/search?q=Eascra%20Biotech%20%28site%3Aprnewswire.com%20OR%20site%3Abusinesswire.com%20OR%20site%3Asec.gov%29%20funding%20OR%20acquisition%20OR%20market%20cap%202024%202025%202026
38,phlip_therapeutics_ri,pHLIP Inc — imaging and pH-targeted delivery,1,pHLIP Inc,estimated,,https://web.uri.edu/research-admin/university-of-rhode-island-professors-yana-reshetnyak-and-oleg-andreev-transferring-technology-to-the-market/,true,status_estimated,https://phlipinc.com/,https://phlipinc.com/,https://web.uri.edu/research-admin/university-of-rhode-island-professors-yana-reshetnyak-and-oleg-andreev-transferring-technology-to-the-market/,,https://www.google.com/search?q=pHLIP%20Inc%20funding%20round%20total%20raised%202024%202025%202026,https://www.google.com/search?q=pHLIP%20Inc%20acquisition%20price%20deal%202024%202025%202026,https://www.google.com/search?q=pHLIP%20Inc%20market%20cap%20NASDAQ%202026,https://www.google.com/search?q=pHLIP%20Inc%20%28site%3Aprnewswire.com%20OR%20site%3Abusinesswire.com%20OR%20site%3Asec.gov%29%20funding%20OR%20acquisition%20OR%20market%20cap%202024%202025%202026
39,phlip_therapeutics_ri,pHLIP Inc — imaging and pH-targeted delivery,4,Indocyanine green (ICG),suggested,,,true,status_suggested,https://www.fda.gov/,https://www.fda.gov/,https://www.sec.gov/edgar/search/#/q=Indocyanine%20green,,https://www.google.com/search?q=Indocyanine%20green%20funding%20round%20total%20raised%202024%202025%202026,https://www.google.com/search?q=Indocyanine%20green%20acquisition%20price%20deal%202024%202025%202026,https://www.google.com/search?q=Indocyanine%20green%20market%20cap%20NASDAQ%202026,https://www.google.com/search?q=Indocyanine%20green%20%28site%3Aprnewswire.com%20OR%20site%3Abusinesswire.com%20OR%20site%3Asec.gov%29%20funding%20OR%20acquisition%20OR%20market%20cap%202024%202025%202026
40,theromics_ri,Theromics — albumin thermal accelerant (HeatSYNC),3,Neuwave (Ethicon/J&J),suggested,,,true,status_suggested,https://www.ethicon.com,https://www.ethicon.com,https://www.sec.gov/edgar/search/#/q=Neuwave,,https://www.google.com/search?q=Neuwave%20funding%20round%20total%20raised%202024%202025%202026,https://www.google.com/search?q=Neuwave%20acquisition%20price%20deal%202024%202025%202026,https://www.google.com/search?q=Neuwave%20market%20cap%20NASDAQ%202026,https://www.google.com/search?q=Neuwave%20%28site%3Aprnewswire.com%20OR%20site%3Abusinesswire.com%20OR%20site%3Asec.gov%29%20funding%20OR%20acquisition%20OR%20market%20cap%202024%202025%202026
